time,phlf,qacr,yfp,gfp,atc,iptg,total
0.000000, 0, 0, 0, 0, 0, 0, 3000
0.100000, 0, 0, 0, 0, 0, 0, 3000
0.200000, 0, 0, 0, 0, 0, 0, 3000
0.300000, 0, 0, 0, 0, 0, 0, 3000
0.400000, 0, 0, 0, 0, 0, 0, 3000
0.500000, 0, 0, 0, 0, 0, 0, 3000
0.600000, 0, 0, 0, 0, 0, 0, 3000
0.700000, 0, 0, 0, 0, 0, 0, 3000
0.800000, 0, 0, 0, 0, 0, 0, 3000
0.900000, 0, 0, 0, 0, 0, 0, 3000
1.000000, 0, 0, 0, 0, 0, 0, 3000
1.100000, 0, 0, 0, 0, 0, 0, 3000
1.200000, 0, 10, 0, 0, 0, 0, 3000
1.300000, 0, 29, 0, 0, 0, 0, 3000
1.400000, 0, 51, 0, 0, 0, 0, 3000
1.500000, 0, 57, 0, 0, 0, 0, 3000
1.600000, 0, 81, 0, 0, 0, 0, 3000
1.700000, 0, 93, 0, 0, 0, 0, 3000
1.800000, 0, 95, 0, 0, 0, 0, 3000
1.900000, 0, 97, 0, 0, 0, 0, 3000
2.000000, 0, 120, 0, 0, 0, 0, 3000
2.100000, 0, 122, 0, 0, 0, 0, 3000
2.200000, 0, 124, 0, 0, 0, 0, 3000
2.300000, 0, 124, 0, 0, 0, 0, 3000
2.400000, 0, 123, 0, 0, 0, 0, 3000
2.500000, 0, 150, 0, 0, 0, 0, 3000
2.600000, 0, 151, 0, 0, 0, 0, 3000
2.700000, 0, 155, 0, 0, 0, 0, 3000
2.799999, 0, 153, 0, 0, 0, 0, 3000
2.899999, 0, 151, 0, 0, 0, 0, 3000
2.999999, 0, 152, 0, 0, 0, 0, 3000
3.099999, 0, 149, 0, 0, 0, 0, 3000
3.199999, 0, 172, 0, 0, 0, 0, 3000
3.299999, 0, 179, 0, 0, 0, 0, 3000
3.399999, 0, 178, 0, 0, 0, 0, 3000
3.499999, 0, 177, 0, 0, 0, 0, 3000
3.599999, 0, 175, 0, 0, 0, 0, 3000
3.699999, 0, 176, 0, 0, 0, 0, 3000
3.799999, 0, 175, 0, 0, 0, 0, 3000
3.899998, 0, 175, 0, 0, 0, 0, 3000
3.999998, 0, 200, 0, 0, 0, 0, 3000
4.099998, 0, 203, 0, 0, 0, 0, 3000
4.199998, 0, 207, 0, 0, 0, 0, 3000
4.299998, 0, 206, 0, 0, 0, 0, 3000
4.399998, 0, 204, 0, 0, 0, 0, 3000
4.499998, 0, 203, 0, 0, 0, 0, 3000
4.599998, 0, 200, 0, 0, 0, 0, 3000
4.699998, 0, 196, 0, 0, 0, 0, 3000
4.799998, 0, 195, 0, 0, 0, 0, 3000
4.899998, 0, 194, 0, 0, 0, 0, 3000
4.999998, 0, 218, 0, 0, 0, 0, 3000
5.099998, 0, 224, 0, 0, 0, 0, 3000
5.199997, 0, 224, 0, 0, 0, 0, 3000
5.299997, 0, 224, 0, 0, 0, 0, 3000
5.399997, 0, 221, 0, 0, 0, 0, 3000
5.499997, 0, 222, 0, 0, 0, 0, 3000
5.599997, 0, 222, 0, 0, 0, 0, 3000
5.699997, 0, 221, 0, 0, 0, 0, 3000
5.799997, 0, 220, 0, 0, 0, 0, 3000
5.899997, 0, 217, 0, 0, 0, 0, 3000
5.999997, 0, 216, 0, 0, 0, 0, 3000
6.099997, 0, 215, 0, 0, 0, 0, 3000
6.199996, 0, 244, 0, 0, 0, 0, 3000
6.299996, 0, 266, 0, 0, 0, 0, 3000
6.399996, 0, 279, 0, 0, 0, 0, 3000
6.499996, 0, 287, 0, 0, 0, 0, 3000
6.599996, 0, 286, 0, 0, 0, 0, 3000
6.699996, 0, 287, 0, 0, 0, 0, 3000
6.799996, 0, 286, 0, 0, 0, 0, 3000
6.899996, 0, 289, 0, 0, 0, 0, 3000
6.999996, 0, 290, 0, 0, 0, 0, 3000
7.099996, 0, 286, 0, 0, 0, 0, 3000
7.199996, 0, 286, 0, 0, 0, 0, 3000
7.299995, 0, 285, 0, 0, 0, 0, 3000
7.399995, 0, 286, 0, 0, 0, 0, 3000
7.499995, 0, 284, 0, 0, 0, 0, 3000
7.599995, 0, 283, 0, 0, 0, 0, 3000
7.699995, 0, 311, 0, 0, 1, 1, 3000
7.799995, 0, 317, 0, 0, 4, 2, 3000
7.899995, 0, 336, 0, 0, 12, 14, 3000
7.999995, 0, 345, 0, 0, 23, 19, 3000
8.099995, 0, 353, 0, 0, 36, 35, 3000
8.199995, 0, 362, 0, 0, 43, 39, 3000
8.299995, 0, 366, 0, 0, 51, 49, 3000
8.399996, 0, 374, 0, 0, 51, 49, 3000
8.499996, 0, 379, 0, 0, 65, 62, 3000
8.599997, 0, 385, 0, 0, 68, 66, 3000
8.699997, 0, 393, 0, 0, 73, 73, 3000
8.799997, 0, 402, 0, 0, 77, 77, 3000
8.899998, 0, 409, 0, 0, 81, 81, 3000
8.999998, 0, 418, 0, 0, 90, 88, 3000
9.099998, 0, 426, 0, 0, 104, 96, 3000
9.199999, 0, 432, 0, 0, 106, 101, 3000
9.299999, 0, 436, 0, 0, 111, 105, 3000
9.400000, 0, 445, 0, 0, 120, 116, 3000
9.500000, 0, 446, 0, 0, 131, 123, 3000
9.600000, 0, 451, 0, 0, 132, 122, 3000
9.700001, 0, 461, 0, 0, 143, 127, 3000
9.800001, 0, 460, 0, 0, 147, 139, 3000
9.900002, 0, 471, 0, 0, 145, 139, 3000
10.000002, 0, 476, 0, 0, 153, 148, 3000
10.100002, 0, 477, 0, 0, 160, 159, 3000
10.200003, 0, 483, 0, 0, 163, 158, 3000
10.300003, 0, 486, 0, 0, 186, 174, 3000
10.400003, 0, 496, 0, 0, 189, 179, 3000
10.500004, 0, 499, 0, 0, 187, 181, 3000
10.600004, 0, 504, 0, 0, 188, 184, 3000
10.700005, 0, 508, 0, 0, 204, 191, 3000
10.800005, 0, 512, 0, 0, 210, 206, 3000
10.900005, 0, 524, 0, 0, 214, 209, 3000
11.000006, 0, 526, 0, 0, 218, 213, 3000
11.100006, 0, 528, 0, 0, 225, 216, 3000
11.200006, 0, 535, 0, 0, 229, 223, 3000
11.300007, 0, 537, 0, 0, 233, 230, 3000
11.400007, 0, 538, 0, 0, 237, 236, 3000
11.500008, 0, 542, 0, 0, 248, 245, 3000
11.600008, 0, 546, 0, 0, 253, 249, 3000
11.700008, 0, 553, 0, 0, 258, 249, 3000
11.800009, 0, 565, 0, 0, 258, 252, 3000
11.900009, 0, 567, 0, 0, 267, 262, 3000
12.000010, 0, 569, 0, 0, 275, 266, 3000
12.100010, 0, 573, 0, 0, 280, 269, 3000
12.200010, 0, 578, 0, 0, 283, 273, 3000
12.300011, 0, 580, 0, 0, 288, 281, 3000
12.400011, 0, 581, 0, 0, 292, 287, 3000
12.500011, 0, 586, 0, 0, 295, 292, 3000
12.600012, 0, 594, 0, 0, 307, 300, 3000
12.700012, 0, 599, 0, 0, 309, 303, 3000
12.800013, 0, 598, 0, 0, 314, 307, 3000
12.900013, 0, 608, 0, 0, 322, 315, 3000
13.000013, 0, 612, 0, 0, 329, 323, 3000
13.100014, 0, 616, 0, 0, 328, 323, 3000
13.200014, 0, 617, 0, 0, 335, 327, 3000
13.300014, 0, 624, 0, 0, 343, 331, 3000
13.400015, 0, 626, 0, 0, 350, 336, 3000
13.500015, 0, 630, 0, 0, 355, 343, 3000
13.600016, 0, 639, 0, 0, 359, 346, 3000
13.700016, 0, 644, 0, 0, 360, 350, 3000
13.800016, 0, 652, 0, 0, 362, 351, 3000
13.900017, 0, 654, 0, 0, 364, 358, 3000
14.000017, 0, 658, 0, 0, 374, 369, 3000
14.100018, 0, 658, 0, 0, 377, 369, 3000
14.200018, 0, 659, 0, 0, 384, 374, 3000
14.300018, 0, 669, 2, 0, 384, 377, 3000
14.400019, 0, 672, 2, 0, 388, 381, 3000
14.500019, 0, 677, 2, 0, 395, 385, 3000
14.600019, 0, 686, 2, 0, 398, 389, 3000
14.700020, 0, 686, 2, 0, 406, 396, 3000
14.800020, 0, 688, 3, 0, 410, 400, 3000
14.900021, 0, 687, 3, 0, 418, 405, 3000
15.000021, 0, 689, 3, 0, 423, 408, 3000
15.100021, 0, 692, 3, 0, 428, 413, 3000
15.200022, 0, 694, 4, 0, 427, 412, 3000
15.300022, 0, 698, 4, 0, 431, 416, 3000
15.400023, 0, 707, 4, 0, 434, 417, 3000
15.500023, 0, 706, 5, 0, 438, 423, 3000
15.600023, 0, 714, 5, 0, 444, 428, 3000
15.700024, 0, 717, 5, 0, 447, 431, 3000
15.800024, 0, 717, 5, 0, 452, 439, 3000
15.900024, 0, 723, 7, 0, 455, 440, 3000
16.000025, 0, 729, 8, 0, 455, 440, 3000
16.100025, 0, 734, 9, 0, 468, 446, 3000
16.200026, 0, 742, 9, 0, 471, 450, 3000
16.300026, 0, 743, 9, 0, 478, 457, 3000
16.400026, 0, 748, 9, 0, 480, 459, 3000
16.500027, 0, 752, 9, 0, 488, 466, 3000
16.600027, 0, 755, 9, 0, 492, 474, 3000
16.700027, 0, 755, 9, 0, 491, 471, 3000
16.800028, 0, 758, 9, 0, 494, 474, 3000
16.900028, 0, 760, 10, 0, 500, 481, 3000
17.000029, 0, 768, 10, 0, 499, 485, 3000
17.100029, 0, 774, 10, 0, 501, 486, 3000
17.200029, 0, 778, 13, 0, 504, 488, 3000
17.300030, 0, 781, 13, 0, 508, 491, 3000
17.400030, 0, 782, 14, 0, 513, 498, 3000
17.500031, 0, 785, 16, 0, 520, 504, 3000
17.600031, 0, 789, 16, 0, 520, 508, 3000
17.700031, 0, 789, 17, 0, 523, 512, 3000
17.800032, 0, 796, 20, 0, 524, 512, 3000
17.900032, 0, 801, 20, 0, 530, 518, 3000
18.000032, 0, 804, 21, 0, 529, 518, 3000
18.100033, 0, 806, 21, 0, 534, 521, 3000
18.200033, 0, 809, 21, 0, 546, 528, 3000
18.300034, 0, 815, 22, 0, 547, 529, 3000
18.400034, 0, 813, 22, 0, 554, 541, 3000
18.500034, 0, 815, 22, 0, 557, 540, 3000
18.600035, 0, 819, 22, 0, 556, 544, 3000
18.700035, 0, 823, 23, 0, 561, 546, 3000
18.800035, 0, 834, 24, 0, 564, 547, 3000
18.900036, 0, 833, 26, 0, 566, 552, 3000
19.000036, 0, 835, 26, 0, 569, 554, 3000
19.100037, 0, 832, 27, 0, 577, 563, 3000
19.200037, 0, 833, 29, 0, 576, 562, 3000
19.300037, 0, 835, 33, 0, 582, 562, 3000
19.400038, 0, 842, 33, 0, 588, 569, 3001
19.500038, 0, 842, 35, 0, 588, 567, 3002
19.600039, 0, 853, 35, 0, 595, 579, 3003
19.700039, 0, 853, 35, 0, 603, 586, 3004
19.800039, 0, 860, 38, 0, 602, 585, 3008
19.900040, 0, 861, 38, 0, 608, 591, 3010
20.000040, 0, 868, 38, 0, 614, 591, 3013
20.100040, 0, 871, 38, 0, 622, 594, 3015
20.200041, 0, 874, 39, 0, 625, 594, 3018
20.300041, 0, 875, 40, 0, 625, 594, 3019
20.400042, 0, 880, 43, 0, 634, 600, 3020
20.500042, 0, 888, 43, 0, 646, 611, 3021
20.600042, 0, 893, 46, 0, 645, 612, 3025
20.700043, 0, 901, 48, 0, 647, 612, 3034
20.800043, 0, 898, 49, 0, 649, 620, 3035
20.900043, 0, 904, 49, 0, 650, 621, 3038
21.000044, 0, 905, 50, 0, 652, 626, 3045
21.100044, 0, 912, 51, 0, 657, 628, 3046
21.200045, 0, 919, 51, 0, 669, 643, 3055
21.300045, 0, 920, 52, 0, 669, 642, 3059
21.400045, 0, 921, 52, 0, 672, 647, 3065
21.500046, 0, 926, 56, 0, 677, 653, 3069
21.600046, 0, 925, 60, 0, 683, 656, 3071
21.700047, 0, 936, 61, 0, 686, 661, 3075
21.800047, 0, 942, 61, 0, 685, 661, 3078
21.900047, 0, 949, 64, 0, 688, 662, 3081
22.000048, 0, 955, 64, 0, 694, 668, 3085
22.100048, 0, 955, 66, 0, 703, 673, 3089
22.200048, 0, 954, 66, 0, 706, 674, 3095
22.300049, 0, 959, 66, 0, 708, 676, 3102
22.400049, 0, 963, 67, 0, 712, 679, 3104
22.500050, 0, 969, 67, 0, 712, 679, 3111
22.600050, 0, 974, 67, 0, 717, 679, 3117
22.700050, 0, 979, 68, 0, 724, 688, 3127
22.800051, 0, 982, 70, 0, 733, 695, 3143
22.900051, 0, 986, 70, 0, 738, 701, 3156
23.000051, 0, 989, 70, 0, 740, 708, 3167
23.100052, 0, 994, 71, 0, 754, 716, 3177
23.200052, 0, 1005, 71, 0, 755, 717, 3187
23.300053, 0, 1006, 71, 0, 755, 721, 3199
23.400053, 0, 1013, 74, 0, 764, 729, 3207
23.500053, 0, 1017, 77, 0, 769, 731, 3215
23.600054, 0, 1023, 79, 0, 771, 731, 3224
23.700054, 0, 1036, 79, 0, 777, 733, 3231
23.800055, 0, 1044, 79, 0, 789, 745, 3237
23.900055, 0, 1046, 79, 0, 793, 748, 3251
24.000055, 0, 1054, 79, 0, 801, 753, 3265
24.100056, 0, 1058, 80, 0, 813, 759, 3278
24.200056, 0, 1063, 81, 0, 822, 767, 3292
24.300056, 0, 1070, 81, 0, 826, 769, 3305
24.400057, 0, 1072, 83, 0, 829, 773, 3317
24.500057, 0, 1075, 84, 0, 834, 780, 3330
24.600058, 0, 1076, 85, 0, 839, 787, 3334
24.700058, 0, 1079, 85, 0, 840, 790, 3343
24.800058, 0, 1086, 88, 0, 849, 802, 3357
24.900059, 0, 1098, 91, 0, 854, 807, 3374
25.000059, 0, 1106, 93, 0, 856, 815, 3383
25.100060, 0, 1111, 93, 0, 865, 820, 3395
25.200060, 0, 1121, 95, 0, 870, 829, 3407
25.300060, 0, 1125, 96, 0, 871, 836, 3414
25.400061, 0, 1127, 97, 0, 886, 848, 3431
25.500061, 0, 1128, 98, 0, 895, 856, 3436
25.600061, 0, 1125, 98, 0, 903, 859, 3447
25.700062, 0, 1131, 100, 0, 898, 859, 3455
25.800062, 0, 1137, 103, 0, 901, 862, 3469
25.900063, 0, 1151, 107, 0, 907, 866, 3483
26.000063, 0, 1155, 109, 0, 915, 872, 3489
26.100063, 0, 1156, 109, 0, 917, 875, 3501
26.200064, 0, 1165, 109, 0, 923, 881, 3511
26.300064, 0, 1171, 111, 0, 926, 886, 3521
26.400064, 0, 1183, 112, 0, 929, 889, 3533
26.500065, 0, 1192, 112, 0, 940, 898, 3546
26.600065, 0, 1199, 114, 0, 945, 905, 3559
26.700066, 0, 1199, 117, 0, 954, 913, 3567
26.800066, 0, 1207, 117, 0, 957, 913, 3579
26.900066, 0, 1209, 120, 0, 958, 918, 3586
27.000067, 0, 1212, 120, 0, 965, 925, 3588
27.100067, 0, 1216, 120, 0, 967, 932, 3604
27.200068, 0, 1218, 120, 0, 976, 942, 3618
27.300068, 0, 1234, 123, 0, 981, 944, 3630
27.400068, 0, 1241, 127, 0, 990, 949, 3645
27.500069, 0, 1243, 129, 0, 994, 955, 3653
27.600069, 0, 1248, 132, 0, 999, 962, 3664
27.700069, 0, 1250, 133, 0, 1000, 964, 3674
27.800070, 0, 1254, 135, 0, 1007, 968, 3684
27.900070, 0, 1265, 136, 0, 1015, 972, 3695
28.000071, 0, 1266, 137, 0, 1027, 978, 3707
28.100071, 0, 1279, 138, 0, 1033, 986, 3717
28.200071, 0, 1289, 138, 0, 1034, 985, 3720
28.300072, 0, 1296, 144, 0, 1044, 989, 3730
28.400072, 0, 1298, 146, 0, 1051, 1000, 3740
28.500072, 0, 1301, 147, 0, 1068, 1012, 3750
28.600073, 0, 1305, 150, 0, 1071, 1014, 3761
28.700073, 0, 1313, 151, 0, 1075, 1017, 3769
28.800074, 0, 1322, 153, 0, 1082, 1021, 3778
28.900074, 0, 1325, 156, 0, 1088, 1025, 3787
29.000074, 0, 1334, 158, 0, 1092, 1029, 3802
29.100075, 0, 1339, 161, 0, 1098, 1036, 3813
29.200075, 0, 1346, 164, 0, 1097, 1038, 3824
29.300076, 0, 1349, 166, 0, 1109, 1044, 3836
29.400076, 0, 1357, 167, 0, 1115, 1055, 3844
29.500076, 0, 1359, 167, 0, 1122, 1057, 3847
29.600077, 0, 1362, 168, 0, 1119, 1057, 3851
29.700077, 0, 1370, 171, 0, 1125, 1065, 3858
29.800077, 0, 1378, 176, 0, 1134, 1073, 3869
29.900078, 0, 1385, 178, 0, 1140, 1080, 3880
30.000078, 0, 1382, 179, 0, 1138, 1080, 3884
30.100079, 0, 1385, 180, 0, 1145, 1086, 3888
30.200079, 0, 1395, 184, 0, 1149, 1090, 3898
30.300079, 0, 1405, 185, 0, 1149, 1092, 3906
30.400080, 0, 1413, 187, 0, 1164, 1097, 3915
30.500080, 0, 1420, 189, 0, 1171, 1101, 3922
30.600080, 0, 1426, 193, 0, 1172, 1105, 3931
30.700081, 0, 1431, 193, 0, 1175, 1109, 3937
30.800081, 0, 1440, 196, 0, 1184, 1118, 3952
30.900082, 0, 1449, 197, 0, 1188, 1122, 3963
31.000082, 0, 1451, 197, 0, 1192, 1134, 3969
31.100082, 0, 1458, 201, 0, 1199, 1141, 3981
31.200083, 0, 1464, 202, 0, 1208, 1145, 3989
31.300083, 0, 1474, 203, 0, 1212, 1146, 3999
31.400084, 0, 1478, 208, 0, 1221, 1155, 4016
31.500084, 0, 1486, 210, 0, 1223, 1157, 4028
31.600084, 0, 1487, 212, 0, 1227, 1164, 4034
31.700085, 0, 1489, 212, 0, 1233, 1169, 4039
31.800085, 0, 1499, 213, 0, 1238, 1173, 4042
31.900085, 0, 1505, 214, 0, 1247, 1182, 4049
32.000084, 0, 1514, 216, 0, 1250, 1184, 4061
32.100082, 0, 1520, 218, 0, 1250, 1194, 4071
32.200081, 0, 1524, 220, 0, 1251, 1198, 4077
32.300079, 0, 1528, 220, 0, 1252, 1205, 4085
32.400078, 0, 1528, 220, 0, 1263, 1212, 4094
32.500076, 0, 1534, 221, 0, 1268, 1216, 4105
32.600075, 0, 1542, 224, 0, 1278, 1229, 4113
32.700073, 0, 1547, 224, 0, 1286, 1233, 4118
32.800072, 0, 1546, 224, 0, 1291, 1238, 4126
32.900070, 0, 1547, 226, 0, 1298, 1241, 4138
33.000069, 0, 1548, 227, 0, 1302, 1239, 4147
33.100067, 0, 1556, 229, 0, 1316, 1252, 4161
33.200066, 0, 1563, 230, 0, 1324, 1262, 4175
33.300064, 0, 1574, 230, 0, 1325, 1262, 4183
33.400063, 0, 1586, 232, 0, 1330, 1267, 4196
33.500061, 0, 1591, 233, 0, 1334, 1274, 4206
33.600060, 0, 1597, 235, 0, 1335, 1280, 4214
33.700058, 0, 1605, 240, 0, 1342, 1283, 4223
33.800056, 0, 1611, 242, 0, 1349, 1293, 4231
33.900055, 0, 1612, 242, 0, 1358, 1296, 4236
34.000053, 0, 1618, 242, 0, 1368, 1302, 4245
34.100052, 0, 1620, 243, 0, 1374, 1309, 4254
34.200050, 0, 1624, 248, 0, 1383, 1319, 4267
34.300049, 0, 1634, 249, 0, 1386, 1326, 4282
34.400047, 0, 1645, 252, 0, 1390, 1328, 4291
34.500046, 0, 1648, 253, 0, 1394, 1333, 4297
34.600044, 0, 1651, 253, 0, 1402, 1339, 4309
34.700043, 0, 1654, 255, 0, 1407, 1344, 4317
34.800041, 0, 1667, 259, 0, 1419, 1352, 4340
34.900040, 0, 1677, 261, 0, 1424, 1358, 4350
35.000038, 0, 1683, 262, 0, 1426, 1363, 4362
35.100037, 0, 1694, 262, 0, 1436, 1369, 4369
35.200035, 0, 1704, 264, 0, 1443, 1366, 4375
35.300034, 0, 1707, 264, 0, 1447, 1366, 4381
35.400032, 0, 1712, 264, 0, 1456, 1372, 4392
35.500031, 0, 1713, 265, 0, 1462, 1375, 4401
35.600029, 0, 1721, 267, 0, 1466, 1389, 4413
35.700027, 0, 1728, 268, 0, 1470, 1391, 4421
35.800026, 0, 1736, 269, 0, 1475, 1399, 4426
35.900024, 0, 1736, 271, 0, 1478, 1403, 4430
36.000023, 0, 1747, 272, 0, 1488, 1411, 4439
36.100021, 0, 1751, 272, 0, 1494, 1410, 4444
36.200020, 0, 1755, 276, 0, 1501, 1418, 4454
36.300018, 0, 1757, 278, 0, 1506, 1425, 4461
36.400017, 0, 1759, 280, 0, 1510, 1428, 4466
36.500015, 0, 1759, 280, 0, 1507, 1429, 4471
36.600014, 0, 1758, 282, 0, 1515, 1435, 4479
36.700012, 0, 1766, 287, 0, 1521, 1442, 4490
36.800011, 0, 1770, 289, 0, 1523, 1448, 4503
36.900009, 0, 1787, 292, 0, 1526, 1452, 4512
37.000008, 0, 1797, 295, 0, 1528, 1456, 4521
37.100006, 0, 1805, 299, 0, 1529, 1460, 4533
37.200005, 0, 1811, 301, 0, 1540, 1468, 4539
37.300003, 0, 1817, 301, 0, 1547, 1470, 4545
37.400002, 0, 1820, 304, 0, 1552, 1477, 4552
37.500000, 0, 1822, 305, 0, 1552, 1486, 4560
37.599998, 0, 1827, 305, 0, 1553, 1489, 4564
37.699997, 0, 1830, 305, 0, 1558, 1490, 4573
37.799995, 0, 1834, 306, 0, 1569, 1498, 4580
37.899994, 0, 1842, 307, 0, 1574, 1501, 4595
37.999992, 0, 1853, 315, 0, 1579, 1507, 4607
38.099991, 0, 1853, 318, 0, 1584, 1512, 4610
38.199989, 0, 1853, 320, 0, 1582, 1510, 4615
38.299988, 0, 1853, 324, 0, 1596, 1519, 4625
38.399986, 0, 1857, 327, 0, 1605, 1525, 4637
38.499985, 0, 1858, 331, 0, 1604, 1527, 4644
38.599983, 0, 1867, 332, 0, 1609, 1533, 4653
38.699982, 0, 1873, 334, 0, 1612, 1537, 4658
38.799980, 0, 1879, 335, 0, 1617, 1537, 4667
38.899979, 0, 1884, 337, 0, 1620, 1549, 4676
38.999977, 0, 1895, 340, 0, 1629, 1554, 4685
39.099976, 0, 1904, 345, 0, 1640, 1565, 4694
39.199974, 0, 1902, 345, 0, 1646, 1573, 4701
39.299973, 0, 1906, 345, 0, 1649, 1581, 4710
39.399971, 0, 1912, 345, 0, 1647, 1583, 4715
39.499969, 0, 1917, 345, 0, 1656, 1589, 4721
39.599968, 0, 1921, 345, 0, 1662, 1589, 4727
39.699966, 0, 1920, 349, 0, 1663, 1591, 4730
39.799965, 0, 1919, 352, 0, 1667, 1590, 4742
39.899963, 0, 1939, 354, 0, 1673, 1604, 4756
39.999962, 0, 1952, 355, 0, 1678, 1606, 4765
40.099960, 0, 1957, 359, 0, 1684, 1617, 4773
40.199959, 0, 1957, 361, 0, 1688, 1616, 4781
40.299957, 0, 1961, 364, 0, 1691, 1618, 4794
40.399956, 0, 1960, 364, 0, 1687, 1622, 4798
40.499954, 0, 1966, 366, 0, 1688, 1625, 4808
40.599953, 0, 1977, 370, 0, 1698, 1630, 4816
40.699951, 0, 1974, 374, 0, 1705, 1633, 4825
40.799950, 0, 1978, 375, 0, 1716, 1648, 4829
40.899948, 0, 1980, 376, 0, 1722, 1652, 4837
40.999947, 0, 1985, 378, 0, 1729, 1654, 4846
41.099945, 0, 1990, 381, 0, 1733, 1654, 4852
41.199944, 0, 1996, 382, 0, 1737, 1660, 4864
41.299942, 0, 1997, 382, 2, 1751, 1670, 4873
41.399940, 0, 2008, 384, 2, 1749, 1676, 4883
41.499939, 0, 2016, 385, 3, 1750, 1678, 4888
41.599937, 0, 2019, 386, 3, 1751, 1681, 4893
41.699936, 0, 2025, 387, 3, 1758, 1687, 4902
41.799934, 0, 2028, 387, 3, 1763, 1690, 4908
41.899933, 0, 2035, 388, 3, 1770, 1693, 4917
41.999931, 0, 2041, 390, 3, 1772, 1698, 4926
42.099930, 0, 2038, 390, 3, 1774, 1701, 4928
42.199928, 0, 2045, 390, 3, 1783, 1704, 4936
42.299927, 0, 2046, 390, 4, 1789, 1714, 4942
42.399925, 0, 2049, 391, 4, 1794, 1713, 4954
42.499924, 0, 2057, 392, 4, 1803, 1722, 4965
42.599922, 0, 2061, 394, 4, 1811, 1729, 4971
42.699921, 0, 2062, 396, 5, 1814, 1735, 4979
42.799919, 0, 2062, 397, 5, 1816, 1739, 4986
42.899918, 0, 2064, 398, 5, 1818, 1744, 4994
42.999916, 0, 2079, 399, 5, 1819, 1746, 5005
43.099915, 0, 2081, 401, 5, 1828, 1755, 5008
43.199913, 0, 2085, 401, 5, 1831, 1760, 5010
43.299911, 0, 2089, 405, 5, 1837, 1767, 5017
43.399910, 0, 2088, 406, 7, 1839, 1768, 5021
43.499908, 0, 2094, 407, 8, 1844, 1771, 5030
43.599907, 0, 2093, 409, 11, 1852, 1778, 5043
43.699905, 0, 2097, 410, 11, 1860, 1787, 5054
43.799904, 0, 2102, 410, 13, 1861, 1788, 5064
43.899902, 0, 2109, 410, 15, 1860, 1793, 5075
43.999901, 0, 2108, 413, 15, 1866, 1796, 5083
44.099899, 0, 2110, 414, 15, 1868, 1796, 5090
44.199898, 0, 2120, 416, 20, 1873, 1797, 5098
44.299896, 0, 2127, 419, 22, 1880, 1804, 5101
44.399895, 0, 2131, 423, 22, 1881, 1807, 5109
44.499893, 0, 2132, 424, 25, 1890, 1813, 5116
44.599892, 0, 2135, 424, 26, 1886, 1813, 5119
44.699890, 0, 2136, 426, 26, 1890, 1819, 5126
44.799889, 0, 2146, 426, 27, 1899, 1829, 5135
44.899887, 0, 2148, 427, 27, 1908, 1839, 5144
44.999886, 0, 2148, 429, 27, 1922, 1844, 5153
45.099884, 0, 2156, 429, 29, 1923, 1843, 5157
45.199883, 0, 2160, 431, 31, 1926, 1846, 5167
45.299881, 0, 2163, 433, 31, 1933, 1855, 5171
45.399879, 0, 2163, 435, 31, 1934, 1858, 5180
45.499878, 0, 2168, 436, 31, 1938, 1864, 5190
45.599876, 0, 2172, 438, 34, 1937, 1869, 5196
45.699875, 0, 2178, 440, 35, 1937, 1874, 5204
45.799873, 0, 2174, 440, 36, 1936, 1878, 5206
45.899872, 0, 2177, 441, 36, 1946, 1884, 5210
45.999870, 0, 2184, 441, 36, 1951, 1889, 5215
46.099869, 0, 2187, 443, 36, 1949, 1891, 5220
46.199867, 0, 2191, 446, 39, 1946, 1889, 5222
46.299866, 0, 2191, 448, 40, 1950, 1890, 5232
46.399864, 0, 2198, 450, 40, 1958, 1898, 5240
46.499863, 0, 2201, 451, 40, 1962, 1912, 5248
46.599861, 0, 2205, 452, 41, 1972, 1921, 5258
46.699860, 0, 2213, 452, 43, 1975, 1929, 5264
46.799858, 0, 2215, 453, 43, 1982, 1932, 5269
46.899857, 0, 2220, 455, 43, 1980, 1934, 5277
46.999855, 0, 2220, 459, 45, 1988, 1941, 5284
47.099854, 0, 2222, 460, 46, 1993, 1946, 5290
47.199852, 0, 2228, 462, 46, 2000, 1956, 5301
47.299850, 0, 2239, 463, 52, 2002, 1959, 5307
47.399849, 0, 2246, 464, 53, 2001, 1960, 5313
47.499847, 0, 2248, 465, 53, 2009, 1969, 5321
47.599846, 0, 2250, 466, 54, 2018, 1973, 5336
47.699844, 0, 2258, 466, 55, 2027, 1979, 5349
47.799843, 0, 2260, 469, 57, 2031, 1979, 5353
47.899841, 0, 2267, 469, 61, 2036, 1987, 5364
47.999840, 0, 2268, 471, 61, 2047, 1991, 5371
48.099838, 0, 2271, 471, 64, 2047, 1990, 5376
48.199837, 0, 2279, 472, 66, 2046, 1989, 5385
48.299835, 0, 2278, 473, 67, 2053, 1992, 5389
48.399834, 0, 2274, 475, 68, 2060, 1998, 5390
48.499832, 0, 2271, 475, 72, 2062, 2001, 5392
48.599831, 0, 2277, 476, 74, 2061, 2008, 5401
48.699829, 0, 2281, 477, 80, 2065, 2017, 5407
48.799828, 0, 2283, 479, 81, 2078, 2018, 5418
48.899826, 0, 2286, 479, 83, 2075, 2018, 5422
48.999825, 0, 2286, 481, 87, 2082, 2023, 5431
49.099823, 0, 2292, 484, 93, 2089, 2024, 5439
49.199821, 0, 2296, 485, 94, 2098, 2027, 5448
49.299820, 0, 2302, 486, 98, 2103, 2040, 5456
49.399818, 0, 2307, 486, 98, 2110, 2043, 5460
49.499817, 0, 2309, 487, 102, 2113, 2048, 5471
49.599815, 0, 2314, 488, 104, 2118, 2049, 5477
49.699814, 0, 2323, 489, 105, 2120, 2052, 5485
49.799812, 0, 2322, 489, 106, 2125, 2056, 5487
49.899811, 0, 2321, 490, 106, 2126, 2059, 5491
49.999809, 0, 2324, 491, 107, 2129, 2059, 5496
50.099808, 0, 2326, 492, 110, 2128, 2057, 5508
50.199806, 0, 2327, 493, 113, 2130, 2059, 5515
50.299805, 0, 2330, 494, 115, 2131, 2065, 5518
50.399803, 0, 2338, 497, 119, 2141, 2072, 5527
50.499802, 0, 2346, 498, 121, 2145, 2081, 5530
50.599800, 0, 2349, 499, 124, 2151, 2085, 5539
50.699799, 0, 2346, 499, 129, 2152, 2089, 5544
50.799797, 0, 2346, 503, 129, 2156, 2098, 5555
50.899796, 0, 2350, 504, 130, 2158, 2109, 5564
50.999794, 0, 2352, 504, 132, 2165, 2114, 5568
51.099792, 0, 2360, 507, 132, 2170, 2123, 5579
51.199791, 0, 2370, 507, 134, 2181, 2130, 5585
51.299789, 0, 2377, 507, 134, 2187, 2133, 5593
51.399788, 0, 2383, 507, 138, 2187, 2134, 5600
51.499786, 0, 2382, 508, 141, 2189, 2134, 5608
51.599785, 0, 2384, 509, 145, 2192, 2141, 5616
51.699783, 0, 2388, 511, 147, 2192, 2139, 5623
51.799782, 0, 2390, 512, 152, 2193, 2142, 5628
51.899780, 0, 2397, 513, 156, 2193, 2146, 5638
51.999779, 0, 2392, 515, 159, 2190, 2145, 5643
52.099777, 0, 2392, 515, 159, 2201, 2150, 5649
52.199776, 0, 2393, 515, 161, 2204, 2154, 5656
52.299774, 0, 2400, 516, 164, 2213, 2157, 5661
52.399773, 0, 2404, 517, 167, 2216, 2162, 5664
52.499771, 0, 2409, 518, 169, 2221, 2169, 5668
52.599770, 0, 2414, 518, 173, 2227, 2176, 5675
52.699768, 0, 2422, 519, 173, 2230, 2179, 5680
52.799767, 0, 2418, 520, 176, 2231, 2183, 5685
52.899765, 0, 2427, 522, 179, 2233, 2192, 5695
52.999763, 0, 2427, 524, 181, 2232, 2192, 5703
53.099762, 0, 2422, 524, 185, 2245, 2209, 5711
53.199760, 0, 2425, 525, 186, 2243, 2210, 5721
53.299759, 0, 2434, 525, 189, 2256, 2222, 5724
53.399757, 0, 2431, 526, 189, 2258, 2223, 5725
53.499756, 0, 2435, 526, 190, 2257, 2221, 5732
53.599754, 0, 2436, 526, 191, 2257, 2227, 5737
53.699753, 0, 2442, 526, 192, 2268, 2236, 5749
53.799751, 0, 2449, 529, 197, 2272, 2240, 5760
53.899750, 0, 2450, 531, 201, 2282, 2250, 5767
53.999748, 0, 2449, 532, 206, 2282, 2256, 5776
54.099747, 0, 2448, 533, 209, 2291, 2262, 5787
54.199745, 0, 2448, 534, 210, 2293, 2261, 5795
54.299744, 0, 2455, 534, 212, 2293, 2262, 5801
54.399742, 0, 2463, 534, 215, 2292, 2261, 5806
54.499741, 0, 2473, 534, 216, 2302, 2268, 5813
54.599739, 0, 2478, 535, 225, 2301, 2267, 5820
54.699738, 0, 2482, 536, 226, 2307, 2271, 5825
54.799736, 0, 2485, 539, 228, 2309, 2270, 5829
54.899734, 0, 2487, 539, 232, 2313, 2273, 5838
54.999733, 0, 2487, 540, 234, 2321, 2278, 5844
55.099731, 0, 2494, 542, 235, 2334, 2289, 5856
55.199730, 0, 2499, 544, 239, 2341, 2297, 5861
55.299728, 0, 2499, 546, 242, 2350, 2305, 5867
55.399727, 0, 2491, 546, 243, 2346, 2305, 5871
55.499725, 0, 2490, 546, 247, 2344, 2306, 5873
55.599724, 0, 2496, 546, 250, 2349, 2308, 5878
55.699722, 0, 2501, 549, 253, 2354, 2310, 5883
55.799721, 0, 2506, 549, 255, 2350, 2308, 5889
55.899719, 0, 2507, 549, 258, 2354, 2311, 5892
55.999718, 0, 2509, 549, 262, 2357, 2317, 5896
56.099716, 0, 2516, 552, 263, 2363, 2320, 5903
56.199715, 0, 2517, 555, 265, 2356, 2322, 5906
56.299713, 0, 2521, 557, 269, 2359, 2325, 5909
56.399712, 0, 2525, 557, 272, 2367, 2326, 5914
56.499710, 0, 2520, 558, 273, 2369, 2322, 5917
56.599709, 0, 2522, 558, 277, 2376, 2324, 5923
56.699707, 0, 2524, 559, 277, 2386, 2330, 5932
56.799706, 0, 2528, 559, 280, 2388, 2333, 5938
56.899704, 0, 2529, 561, 285, 2389, 2335, 5942
56.999702, 0, 2530, 562, 287, 2397, 2341, 5948
57.099701, 0, 2531, 562, 290, 2400, 2343, 5950
57.199699, 0, 2540, 564, 290, 2405, 2349, 5957
57.299698, 0, 2541, 564, 292, 2411, 2356, 5957
57.399696, 0, 2544, 564, 292, 2416, 2357, 5963
57.499695, 0, 2542, 564, 293, 2414, 2354, 5965
57.599693, 0, 2546, 564, 294, 2417, 2357, 5971
57.699692, 0, 2552, 564, 298, 2419, 2363, 5981
57.799690, 0, 2556, 565, 302, 2422, 2365, 5988
57.899689, 0, 2560, 566, 304, 2423, 2365, 5993
57.999687, 0, 2563, 567, 304, 2425, 2370, 6000
58.099686, 0, 2567, 567, 314, 2428, 2374, 6006
58.199684, 0, 2562, 567, 316, 2429, 2376, 6009
58.299683, 0, 2561, 567, 316, 2433, 2380, 6012
58.399681, 0, 2561, 569, 316, 2431, 2384, 6021
58.499680, 0, 2558, 569, 317, 2435, 2386, 6025
58.599678, 0, 2562, 571, 320, 2433, 2386, 6032
58.699677, 0, 2564, 572, 323, 2434, 2386, 6039
58.799675, 0, 2566, 573, 327, 2442, 2393, 6046
58.899673, 0, 2568, 575, 329, 2445, 2393, 6056
58.999672, 0, 2574, 576, 331, 2450, 2401, 6064
59.099670, 0, 2578, 578, 336, 2457, 2406, 6073
59.199669, 0, 2582, 579, 339, 2471, 2411, 6085
59.299667, 0, 2593, 580, 340, 2480, 2413, 6094
59.399666, 0, 2594, 580, 344, 2483, 2419, 6099
59.499664, 0, 2600, 580, 348, 2486, 2422, 6107
59.599663, 0, 2598, 581, 350, 2490, 2427, 6113
59.699661, 0, 2602, 585, 351, 2489, 2427, 6118
59.799660, 0, 2602, 586, 353, 2494, 2427, 6124
59.899658, 0, 2603, 586, 353, 2497, 2430, 6129
59.999657, 0, 2604, 587, 358, 2498, 2433, 6137
60.099655, 0, 2615, 588, 362, 2509, 2444, 6142
60.199654, 0, 2615, 588, 365, 2509, 2445, 6151
60.299652, 0, 2617, 589, 367, 2508, 2455, 6158
60.399651, 0, 2621, 591, 370, 2516, 2458, 6166
60.499649, 0, 2619, 591, 372, 2515, 2454, 6173
60.599648, 0, 2622, 592, 374, 2514, 2457, 6178
60.699646, 0, 2617, 592, 379, 2514, 2459, 6187
60.799644, 0, 2614, 593, 384, 2522, 2461, 6194
60.899643, 0, 2613, 593, 386, 2527, 2465, 6204
60.999641, 0, 2610, 595, 389, 2529, 2468, 6211
61.099640, 0, 2618, 596, 394, 2533, 2472, 6218
61.199638, 0, 2626, 596, 396, 2532, 2474, 6226
61.299637, 0, 2633, 599, 400, 2535, 2473, 6238
61.399635, 0, 2641, 599, 403, 2536, 2472, 6245
61.499634, 0, 2646, 602, 403, 2538, 2481, 6259
61.599632, 0, 2648, 602, 403, 2542, 2486, 6264
61.699631, 0, 2647, 603, 406, 2554, 2500, 6275
61.799629, 0, 2648, 603, 407, 2560, 2509, 6285
61.899628, 0, 2650, 604, 411, 2563, 2512, 6301
61.999626, 0, 2661, 605, 414, 2564, 2516, 6311
62.099625, 0, 2668, 606, 417, 2573, 2521, 6325
62.199623, 0, 2673, 607, 419, 2582, 2534, 6334
62.299622, 0, 2679, 609, 420, 2585, 2541, 6347
62.399620, 0, 2682, 612, 421, 2595, 2545, 6363
62.499619, 0, 2684, 613, 423, 2592, 2543, 6369
62.599617, 0, 2689, 614, 426, 2594, 2546, 6382
62.699615, 0, 2685, 615, 431, 2594, 2548, 6388
62.799614, 0, 2686, 615, 433, 2594, 2554, 6397
62.899612, 0, 2701, 615, 434, 2598, 2559, 6409
62.999611, 0, 2703, 615, 436, 2599, 2559, 6418
63.099609, 0, 2706, 615, 439, 2601, 2564, 6426
63.199608, 0, 2708, 616, 441, 2604, 2568, 6435
63.299606, 0, 2709, 617, 441, 2613, 2580, 6443
63.399605, 0, 2713, 618, 444, 2623, 2590, 6458
63.499603, 0, 2714, 622, 449, 2632, 2596, 6472
63.599602, 0, 2725, 624, 451, 2639, 2605, 6482
63.699600, 0, 2730, 626, 451, 2640, 2610, 6497
63.799599, 0, 2742, 626, 455, 2640, 2611, 6511
63.899597, 0, 2751, 629, 460, 2642, 2617, 6527
63.999596, 0, 2748, 631, 460, 2659, 2625, 6541
64.099594, 0, 2747, 632, 462, 2662, 2627, 6551
64.199593, 0, 2752, 635, 465, 2671, 2636, 6567
64.299591, 0, 2753, 636, 471, 2679, 2645, 6576
64.399590, 0, 2752, 636, 476, 2685, 2645, 6596
64.499588, 0, 2756, 638, 477, 2688, 2654, 6608
64.599586, 0, 2762, 641, 480, 2691, 2661, 6620
64.699585, 0, 2771, 642, 481, 2699, 2666, 6641
64.799583, 0, 2777, 643, 482, 2707, 2671, 6653
64.899582, 0, 2792, 644, 483, 2711, 2680, 6667
64.999580, 0, 2801, 648, 489, 2719, 2687, 6691
65.099579, 0, 2810, 653, 493, 2720, 2692, 6704
65.199577, 0, 2820, 653, 497, 2738, 2698, 6722
65.299576, 0, 2825, 654, 499, 2737, 2706, 6739
65.399574, 0, 2839, 659, 504, 2741, 2714, 6759
65.499573, 0, 2843, 660, 509, 2761, 2728, 6775
65.599571, 0, 2843, 662, 513, 2766, 2732, 6794
65.699570, 0, 2846, 663, 516, 2775, 2739, 6808
65.799568, 0, 2858, 666, 520, 2792, 2752, 6830
65.899567, 0, 2867, 670, 521, 2801, 2759, 6851
65.999565, 0, 2871, 672, 525, 2811, 2759, 6876
66.099564, 0, 2878, 675, 528, 2809, 2768, 6890
66.199562, 0, 2878, 676, 529, 2812, 2769, 6910
66.299561, 0, 2881, 676, 532, 2816, 2772, 6925
66.399559, 0, 2887, 676, 538, 2827, 2778, 6935
66.499557, 0, 2894, 680, 541, 2832, 2780, 6952
66.599556, 0, 2894, 680, 541, 2841, 2787, 6964
66.699554, 0, 2904, 684, 541, 2846, 2797, 6991
66.799553, 0, 2909, 688, 547, 2861, 2806, 7018
66.899551, 0, 2917, 690, 549, 2875, 2821, 7035
66.999550, 0, 2927, 693, 553, 2882, 2824, 7060
67.099548, 0, 2929, 694, 555, 2886, 2821, 7069
67.199547, 0, 2942, 695, 558, 2891, 2828, 7089
67.299545, 0, 2958, 697, 561, 2893, 2839, 7114
67.399544, 0, 2965, 698, 562, 2897, 2836, 7131
67.499542, 0, 2973, 702, 566, 2903, 2844, 7142
67.599541, 0, 2978, 703, 571, 2906, 2854, 7158
67.699539, 0, 2974, 703, 572, 2909, 2858, 7172
67.799538, 0, 2981, 706, 576, 2922, 2876, 7192
67.899536, 0, 2990, 709, 581, 2929, 2880, 7209
67.999535, 0, 2996, 711, 586, 2938, 2884, 7230
68.099533, 0, 2996, 712, 589, 2947, 2887, 7240
68.199532, 0, 2999, 714, 592, 2952, 2887, 7253
68.299530, 0, 3007, 717, 595, 2956, 2897, 7270
68.399529, 0, 3016, 718, 599, 2956, 2900, 7287
68.499527, 0, 3024, 720, 600, 2961, 2904, 7308
68.599525, 0, 3033, 721, 606, 2957, 2908, 7319
68.699524, 0, 3035, 725, 607, 2968, 2913, 7340
68.799522, 0, 3034, 728, 610, 2977, 2929, 7355
68.899521, 0, 3039, 730, 614, 2988, 2942, 7368
68.999519, 0, 3054, 731, 618, 2993, 2946, 7388
69.099518, 0, 3061, 735, 618, 2998, 2946, 7404
69.199516, 0, 3062, 735, 620, 3000, 2943, 7411
69.299515, 0, 3066, 736, 625, 3007, 2952, 7427
69.399513, 0, 3072, 738, 626, 3013, 2962, 7444
69.499512, 0, 3084, 741, 630, 3024, 2977, 7468
69.599510, 0, 3092, 741, 634, 3028, 2990, 7490
69.699509, 0, 3100, 743, 635, 3033, 2994, 7511
69.799507, 0, 3111, 745, 639, 3046, 3005, 7527
69.899506, 0, 3120, 747, 646, 3047, 3006, 7544
69.999504, 0, 3126, 751, 649, 3051, 3010, 7562
70.099503, 0, 3136, 753, 652, 3069, 3020, 7579
70.199501, 0, 3140, 755, 656, 3066, 3022, 7593
70.299500, 0, 3146, 759, 660, 3074, 3030, 7613
70.399498, 0, 3143, 761, 665, 3089, 3038, 7628
70.499496, 0, 3153, 766, 668, 3106, 3048, 7651
70.599495, 0, 3164, 769, 672, 3113, 3051, 7668
70.699493, 0, 3171, 770, 675, 3116, 3052, 7678
70.799492, 0, 3173, 774, 679, 3118, 3062, 7695
70.899490, 0, 3178, 775, 686, 3124, 3066, 7713
70.999489, 0, 3188, 779, 689, 3130, 3077, 7734
71.099487, 0, 3197, 780, 693, 3143, 3086, 7743
71.199486, 0, 3202, 780, 696, 3143, 3084, 7755
71.299484, 0, 3208, 780, 701, 3149, 3088, 7773
71.399483, 0, 3215, 781, 708, 3159, 3099, 7791
71.499481, 0, 3222, 782, 712, 3163, 3105, 7808
71.599480, 0, 3233, 782, 717, 3171, 3114, 7832
71.699478, 0, 3242, 784, 719, 3178, 3121, 7858
71.799477, 0, 3244, 785, 725, 3178, 3129, 7874
71.899475, 0, 3248, 787, 725, 3186, 3135, 7889
71.999474, 0, 3256, 791, 731, 3195, 3148, 7911
72.099472, 0, 3257, 791, 740, 3199, 3147, 7930
72.199471, 0, 3263, 793, 746, 3207, 3157, 7954
72.299469, 0, 3274, 797, 753, 3220, 3171, 7974
72.399467, 0, 3285, 798, 755, 3228, 3183, 7989
72.499466, 0, 3287, 800, 761, 3243, 3196, 8017
72.599464, 0, 3292, 801, 767, 3243, 3208, 8038
72.699463, 0, 3297, 801, 771, 3254, 3220, 8054
72.799461, 0, 3299, 802, 775, 3261, 3223, 8071
72.899460, 0, 3303, 805, 777, 3270, 3226, 8090
72.999458, 0, 3312, 807, 779, 3272, 3234, 8108
73.099457, 0, 3322, 810, 783, 3280, 3243, 8130
73.199455, 0, 3329, 812, 786, 3294, 3248, 8146
73.299454, 0, 3340, 815, 790, 3288, 3253, 8163
73.399452, 0, 3357, 820, 793, 3302, 3266, 8200
73.499451, 0, 3367, 822, 795, 3313, 3278, 8218
73.599449, 0, 3378, 826, 800, 3318, 3286, 8238
73.699448, 0, 3386, 827, 804, 3321, 3290, 8255
73.799446, 0, 3387, 827, 809, 3329, 3295, 8270
73.899445, 0, 3395, 828, 812, 3329, 3300, 8286
73.999443, 0, 3401, 831, 813, 3341, 3311, 8307
74.099442, 0, 3409, 835, 817, 3350, 3319, 8329
74.199440, 0, 3409, 837, 822, 3357, 3326, 8347
74.299438, 0, 3418, 838, 827, 3348, 3330, 8362
74.399437, 0, 3418, 838, 829, 3357, 3335, 8377
74.499435, 0, 3430, 840, 832, 3370, 3350, 8407
74.599434, 0, 3433, 841, 836, 3373, 3354, 8424
74.699432, 0, 3439, 844, 838, 3391, 3365, 8445
74.799431, 0, 3444, 844, 845, 3401, 3368, 8461
74.899429, 0, 3448, 846, 848, 3410, 3368, 8476
74.999428, 0, 3464, 849, 853, 3414, 3378, 8500
75.099426, 0, 3465, 852, 853, 3422, 3386, 8515
75.199425, 0, 3470, 855, 854, 3427, 3389, 8532
75.299423, 0, 3472, 856, 860, 3432, 3395, 8545
75.399422, 0, 3479, 861, 863, 3442, 3398, 8561
75.499420, 0, 3487, 864, 865, 3443, 3403, 8578
75.599419, 0, 3490, 864, 871, 3450, 3409, 8597
75.699417, 0, 3495, 864, 871, 3458, 3413, 8620
75.799416, 0, 3505, 865, 874, 3468, 3418, 8644
75.899414, 0, 3513, 866, 877, 3470, 3420, 8664
75.999413, 0, 3520, 867, 883, 3478, 3432, 8683
76.099411, 0, 3529, 868, 885, 3484, 3439, 8695
76.199409, 0, 3538, 868, 887, 3492, 3449, 8712
76.299408, 0, 3545, 870, 892, 3500, 3452, 8723
76.399406, 0, 3553, 874, 901, 3514, 3468, 8743
76.499405, 0, 3558, 874, 906, 3518, 3476, 8756
76.599403, 0, 3555, 876, 909, 3521, 3480, 8773
76.699402, 0, 3557, 879, 910, 3521, 3477, 8788
76.799400, 0, 3556, 880, 916, 3532, 3490, 8810
76.899399, 0, 3569, 882, 925, 3544, 3493, 8828
76.999397, 0, 3571, 883, 927, 3546, 3497, 8843
77.099396, 0, 3576, 883, 929, 3556, 3504, 8854
77.199394, 0, 3586, 883, 934, 3561, 3515, 8880
77.299393, 0, 3595, 885, 936, 3569, 3516, 8900
77.399391, 0, 3605, 887, 941, 3583, 3525, 8920
77.499390, 0, 3604, 888, 944, 3580, 3531, 8935
77.599388, 0, 3612, 891, 947, 3584, 3529, 8952
77.699387, 0, 3628, 893, 949, 3592, 3539, 8970
77.799385, 0, 3637, 894, 954, 3606, 3548, 8988
77.899384, 0, 3641, 896, 958, 3621, 3556, 9010
77.999382, 0, 3645, 899, 962, 3617, 3563, 9023
78.099380, 0, 3646, 900, 966, 3619, 3567, 9039
78.199379, 0, 3652, 903, 970, 3622, 3572, 9054
78.299377, 0, 3653, 905, 973, 3625, 3584, 9072
78.399376, 0, 3657, 907, 978, 3637, 3598, 9090
78.499374, 0, 3659, 909, 980, 3645, 3608, 9106
78.599373, 0, 3667, 909, 985, 3653, 3609, 9131
78.699371, 0, 3667, 909, 988, 3659, 3613, 9145
78.799370, 0, 3668, 911, 992, 3655, 3613, 9155
78.899368, 0, 3681, 913, 997, 3659, 3619, 9171
78.999367, 0, 3686, 914, 1000, 3658, 3621, 9185
79.099365, 0, 3692, 917, 1005, 3658, 3623, 9200
79.199364, 0, 3696, 919, 1007, 3655, 3628, 9212
79.299362, 0, 3708, 920, 1008, 3660, 3629, 9230
79.399361, 0, 3713, 920, 1012, 3665, 3628, 9246
79.499359, 0, 3719, 922, 1017, 3670, 3631, 9262
79.599358, 0, 3722, 923, 1018, 3676, 3650, 9286
79.699356, 0, 3722, 924, 1020, 3687, 3658, 9300
79.799355, 0, 3724, 925, 1023, 3690, 3665, 9318
79.899353, 0, 3730, 930, 1029, 3701, 3685, 9341
79.999352, 0, 3744, 932, 1034, 3712, 3701, 9364
80.099350, 0, 3745, 933, 1041, 3725, 3715, 9387
80.199348, 0, 3754, 935, 1046, 3729, 3719, 9407
80.299347, 0, 3755, 936, 1053, 3730, 3719, 9421
80.399345, 0, 3761, 937, 1058, 3736, 3719, 9436
80.499344, 0, 3771, 941, 1064, 3748, 3725, 9456
80.599342, 0, 3779, 944, 1070, 3756, 3733, 9470
80.699341, 0, 3790, 946, 1074, 3767, 3738, 9489
80.799339, 0, 3793, 947, 1075, 3780, 3745, 9511
80.899338, 0, 3797, 947, 1079, 3784, 3745, 9532
80.999336, 0, 3798, 950, 1083, 3792, 3747, 9553
81.099335, 0, 3799, 951, 1086, 3800, 3751, 9569
81.199333, 0, 3804, 953, 1088, 3806, 3759, 9590
81.299332, 0, 3814, 953, 1097, 3801, 3758, 9598
81.399330, 0, 3817, 955, 1102, 3801, 3763, 9616
81.499329, 0, 3818, 958, 1104, 3799, 3765, 9627
81.599327, 0, 3829, 961, 1109, 3809, 3771, 9651
81.699326, 0, 3834, 962, 1112, 3817, 3776, 9670
81.799324, 0, 3838, 965, 1118, 3821, 3782, 9689
81.899323, 0, 3839, 965, 1120, 3825, 3786, 9705
81.999321, 0, 3846, 966, 1126, 3833, 3792, 9725
82.099319, 0, 3858, 967, 1129, 3836, 3789, 9733
82.199318, 0, 3861, 968, 1130, 3838, 3799, 9745
82.299316, 0, 3863, 968, 1135, 3835, 3807, 9758
82.399315, 0, 3862, 970, 1137, 3831, 3816, 9768
82.499313, 0, 3862, 972, 1137, 3842, 3823, 9779
82.599312, 0, 3874, 973, 1140, 3849, 3835, 9795
82.699310, 0, 3879, 975, 1143, 3850, 3841, 9821
82.799309, 0, 3883, 975, 1144, 3848, 3839, 9832
82.899307, 0, 3886, 976, 1153, 3860, 3849, 9854
82.999306, 0, 3898, 980, 1156, 3861, 3856, 9869
83.099304, 0, 3895, 982, 1160, 3858, 3854, 9879
83.199303, 0, 3890, 983, 1160, 3866, 3862, 9896
83.299301, 0, 3898, 983, 1166, 3870, 3877, 9914
83.399300, 0, 3898, 984, 1167, 3878, 3879, 9927
83.499298, 0, 3900, 985, 1171, 3874, 3881, 9938
83.599297, 0, 3902, 988, 1175, 3880, 3889, 9960
83.699295, 0, 3908, 989, 1179, 3877, 3892, 9975
83.799294, 0, 3921, 991, 1186, 3881, 3896, 9988
83.899292, 0, 3927, 992, 1187, 3881, 3898, 9997
83.999290, 0, 3929, 993, 1190, 3893, 3903, 10008
84.099289, 0, 3928, 993, 1194, 3902, 3919, 10019
84.199287, 0, 3933, 994, 1201, 3900, 3922, 10033
84.299286, 0, 3935, 995, 1203, 3895, 3923, 10047
84.399284, 0, 3943, 999, 1204, 3901, 3924, 10061
84.499283, 0, 3949, 999, 1206, 3904, 3925, 10075
84.599281, 0, 3956, 1000, 1208, 3908, 3930, 10090
84.699280, 0, 3951, 1001, 1210, 3913, 3930, 10099
84.799278, 0, 3949, 1002, 1215, 3911, 3937, 10107
84.899277, 0, 3953, 1003, 1218, 3907, 3936, 10118
84.999275, 0, 3950, 1004, 1222, 3916, 3936, 10128
85.099274, 0, 3958, 1008, 1225, 3916, 3936, 10146
85.199272, 0, 3968, 1009, 1227, 3917, 3940, 10164
85.299271, 0, 3974, 1010, 1229, 3926, 3955, 10178
85.399269, 0, 3975, 1013, 1235, 3934, 3957, 10197
85.499268, 0, 3979, 1013, 1237, 3937, 3964, 10216
85.599266, 0, 3978, 1013, 1239, 3940, 3966, 10228
85.699265, 0, 3981, 1016, 1244, 3944, 3969, 10236
85.799263, 0, 3983, 1018, 1248, 3941, 3968, 10250
85.899261, 0, 3991, 1021, 1250, 3949, 3974, 10269
85.999260, 0, 4002, 1023, 1253, 3960, 3984, 10286
86.099258, 0, 4005, 1024, 1253, 3972, 3997, 10298
86.199257, 0, 4008, 1025, 1258, 3973, 3997, 10312
86.299255, 0, 4001, 1025, 1261, 3970, 3997, 10317
86.399254, 0, 4009, 1026, 1263, 3977, 4000, 10329
86.499252, 0, 4011, 1026, 1265, 3982, 4004, 10347
86.599251, 0, 4015, 1027, 1268, 3983, 4007, 10361
86.699249, 0, 4012, 1027, 1268, 3985, 4006, 10373
86.799248, 0, 4016, 1030, 1271, 3983, 4005, 10387
86.899246, 0, 4023, 1030, 1277, 3990, 4015, 10403
86.999245, 0, 4030, 1031, 1278, 3997, 4013, 10421
87.099243, 0, 4028, 1031, 1282, 3996, 4015, 10435
87.199242, 0, 4034, 1033, 1286, 3994, 4019, 10451
87.299240, 0, 4037, 1034, 1291, 3996, 4026, 10467
87.399239, 0, 4043, 1036, 1296, 4005, 4023, 10482
87.499237, 0, 4049, 1036, 1300, 4015, 4035, 10499
87.599236, 0, 4047, 1041, 1300, 4006, 4038, 10516
87.699234, 0, 4047, 1043, 1305, 4005, 4035, 10533
87.799232, 0, 4042, 1043, 1310, 4012, 4045, 10549
87.899231, 0, 4049, 1045, 1314, 4016, 4044, 10564
87.999229, 0, 4050, 1045, 1319, 4017, 4050, 10580
88.099228, 0, 4057, 1046, 1321, 4027, 4056, 10598
88.199226, 0, 4064, 1046, 1325, 4026, 4060, 10616
88.299225, 0, 4066, 1048, 1326, 4039, 4074, 10637
88.399223, 0, 4072, 1049, 1332, 4042, 4077, 10651
88.499222, 0, 4071, 1050, 1333, 4050, 4084, 10662
88.599220, 0, 4075, 1050, 1334, 4049, 4081, 10672
88.699219, 0, 4081, 1051, 1339, 4053, 4090, 10689
88.799217, 0, 4088, 1053, 1343, 4054, 4092, 10708
88.899216, 0, 4095, 1055, 1347, 4072, 4102, 10728
88.999214, 0, 4096, 1056, 1351, 4072, 4106, 10741
89.099213, 0, 4103, 1057, 1357, 4078, 4111, 10752
89.199211, 0, 4101, 1057, 1360, 4071, 4111, 10763
89.299210, 0, 4100, 1057, 1361, 4072, 4110, 10780
89.399208, 0, 4101, 1059, 1363, 4077, 4111, 10797
89.499207, 0, 4100, 1061, 1368, 4076, 4115, 10812
89.599205, 0, 4104, 1061, 1373, 4081, 4111, 10828
89.699203, 0, 4102, 1063, 1375, 4091, 4107, 10841
89.799202, 0, 4101, 1063, 1381, 4094, 4117, 10858
89.899200, 0, 4105, 1063, 1384, 4098, 4118, 10872
89.999199, 0, 4111, 1063, 1388, 4098, 4121, 10885
90.099197, 0, 4114, 1063, 1391, 4098, 4117, 10901
90.199196, 0, 4124, 1063, 1399, 4103, 4126, 10918
90.299194, 0, 4127, 1064, 1402, 4119, 4134, 10933
90.399193, 0, 4125, 1064, 1404, 4110, 4137, 10948
90.499191, 0, 4124, 1065, 1406, 4107, 4134, 10957
90.599190, 0, 4132, 1068, 1408, 4113, 4140, 10972
90.699188, 0, 4135, 1070, 1411, 4110, 4146, 10994
90.799187, 0, 4131, 1071, 1412, 4120, 4150, 11005
90.899185, 0, 4126, 1072, 1416, 4117, 4146, 11018
90.999184, 0, 4133, 1073, 1419, 4114, 4157, 11041
91.099182, 0, 4135, 1074, 1423, 4114, 4153, 11049
91.199181, 0, 4133, 1075, 1426, 4116, 4153, 11059
91.299179, 0, 4133, 1075, 1427, 4134, 4162, 11072
91.399178, 0, 4128, 1077, 1432, 4140, 4167, 11085
91.499176, 0, 4131, 1079, 1435, 4140, 4171, 11100
91.599174, 0, 4134, 1084, 1439, 4143, 4175, 11113
91.699173, 0, 4143, 1084, 1442, 4143, 4186, 11128
91.799171, 0, 4152, 1085, 1448, 4138, 4193, 11140
91.899170, 0, 4156, 1085, 1453, 4148, 4190, 11148
91.999168, 0, 4160, 1087, 1456, 4147, 4190, 11162
92.099167, 0, 4162, 1088, 1458, 4146, 4186, 11172
92.199165, 0, 4163, 1090, 1465, 4144, 4187, 11185
92.299164, 0, 4165, 1091, 1468, 4136, 4190, 11194
92.399162, 0, 4167, 1091, 1470, 4141, 4184, 11205
92.499161, 0, 4170, 1092, 1471, 4145, 4185, 11224
92.599159, 0, 4173, 1095, 1474, 4156, 4202, 11237
92.699158, 0, 4172, 1095, 1475, 4156, 4200, 11248
92.799156, 0, 4174, 1095, 1477, 4160, 4204, 11257
92.899155, 0, 4176, 1096, 1481, 4165, 4203, 11273
92.999153, 0, 4181, 1096, 1484, 4164, 4198, 11282
93.099152, 0, 4184, 1096, 1485, 4163, 4197, 11286
93.199150, 0, 4188, 1099, 1488, 4165, 4198, 11303
93.299149, 0, 4195, 1099, 1496, 4176, 4205, 11321
93.399147, 0, 4200, 1100, 1503, 4180, 4207, 11334
93.499146, 0, 4193, 1101, 1505, 4176, 4202, 11343
93.599144, 0, 4191, 1101, 1505, 4177, 4206, 11355
93.699142, 0, 4192, 1102, 1507, 4181, 4205, 11365
93.799141, 0, 4189, 1102, 1508, 4178, 4200, 11375
93.899139, 0, 4198, 1105, 1510, 4181, 4205, 11391
93.999138, 0, 4197, 1106, 1515, 4185, 4216, 11407
94.099136, 0, 4198, 1106, 1517, 4182, 4215, 11419
94.199135, 0, 4208, 1107, 1524, 4187, 4223, 11437
94.299133, 0, 4210, 1109, 1530, 4195, 4232, 11452
94.399132, 0, 4211, 1112, 1533, 4203, 4243, 11462
94.499130, 0, 4213, 1113, 1535, 4208, 4248, 11477
94.599129, 0, 4217, 1115, 1537, 4210, 4245, 11487
94.699127, 0, 4218, 1115, 1538, 4209, 4249, 11495
94.799126, 0, 4216, 1117, 1542, 4212, 4258, 11507
94.899124, 0, 4219, 1118, 1546, 4219, 4261, 11521
94.999123, 0, 4227, 1123, 1553, 4233, 4274, 11542
95.099121, 0, 4229, 1124, 1555, 4233, 4271, 11556
95.199120, 0, 4229, 1127, 1556, 4229, 4275, 11572
95.299118, 0, 4231, 1128, 1558, 4229, 4278, 11581
95.399117, 0, 4228, 1130, 1559, 4230, 4269, 11593
95.499115, 0, 4234, 1130, 1563, 4232, 4268, 11605
95.599113, 0, 4243, 1131, 1564, 4241, 4271, 11617
95.699112, 0, 4240, 1133, 1564, 4239, 4273, 11628
95.799110, 0, 4240, 1134, 1566, 4239, 4268, 11636
95.899109, 0, 4234, 1135, 1568, 4240, 4268, 11651
95.999107, 0, 4231, 1135, 1571, 4239, 4269, 11664
96.099106, 0, 4230, 1137, 1573, 4243, 4274, 11680
96.199104, 0, 4228, 1138, 1578, 4238, 4276, 11693
96.299103, 0, 4234, 1139, 1583, 4241, 4273, 11708
96.399101, 0, 4245, 1141, 1583, 4240, 4271, 11717
96.499100, 0, 4247, 1141, 1585, 4236, 4264, 11724
96.599098, 0, 4240, 1142, 1588, 4241, 4277, 11736
96.699097, 0, 4244, 1143, 1591, 4245, 4277, 11743
96.799095, 0, 4243, 1145, 1592, 4249, 4284, 11755
96.899094, 0, 4246, 1145, 1595, 4249, 4287, 11764
96.999092, 0, 4243, 1146, 1601, 4252, 4289, 11778
97.099091, 0, 4245, 1150, 1604, 4258, 4291, 11793
97.199089, 0, 4250, 1150, 1607, 4266, 4294, 11808
97.299088, 0, 4246, 1151, 1609, 4261, 4290, 11822
97.399086, 0, 4243, 1152, 1610, 4257, 4284, 11831
97.499084, 0, 4238, 1152, 1611, 4262, 4290, 11837
97.599083, 0, 4235, 1154, 1612, 4260, 4290, 11844
97.699081, 0, 4234, 1157, 1613, 4261, 4290, 11856
97.799080, 0, 4239, 1157, 1615, 4256, 4288, 11868
97.899078, 0, 4241, 1158, 1619, 4262, 4289, 11880
97.999077, 0, 4245, 1161, 1620, 4257, 4286, 11896
98.099075, 0, 4243, 1161, 1622, 4261, 4295, 11906
98.199074, 0, 4236, 1163, 1621, 4259, 4285, 11918
98.299072, 0, 4232, 1164, 1624, 4265, 4285, 11929
98.399071, 0, 4239, 1164, 1625, 4270, 4282, 11937
98.499069, 0, 4245, 1164, 1629, 4267, 4288, 11950
98.599068, 0, 4244, 1166, 1632, 4276, 4288, 11970
98.699066, 0, 4243, 1169, 1635, 4285, 4302, 11991
98.799065, 0, 4247, 1172, 1639, 4281, 4307, 12008
98.899063, 0, 4245, 1172, 1640, 4277, 4304, 12017
98.999062, 0, 4247, 1172, 1643, 4274, 4305, 12030
99.099060, 0, 4248, 1173, 1646, 4283, 4310, 12044
99.199059, 0, 4247, 1173, 1648, 4286, 4304, 12055
99.299057, 0, 4243, 1174, 1651, 4290, 4314, 12071
99.399055, 0, 4245, 1177, 1654, 4292, 4311, 12091
99.499054, 0, 4247, 1177, 1659, 4291, 4317, 12111
99.599052, 0, 4247, 1180, 1659, 4297, 4318, 12128
99.699051, 0, 4240, 1181, 1662, 4300, 4322, 12144
99.799049, 0, 4241, 1183, 1666, 4293, 4323, 12156
99.899048, 0, 4236, 1185, 1668, 4293, 4324, 12168
99.999046, 0, 4246, 1188, 1671, 4292, 4320, 12190
100.099045, 0, 4248, 1189, 1673, 4300, 4325, 12205
100.199043, 0, 4251, 1192, 1678, 4297, 4330, 12218
100.299042, 0, 4252, 1192, 1679, 4295, 4328, 12228
100.399040, 0, 4258, 1193, 1681, 4292, 4324, 12250
100.499039, 0, 4259, 1194, 1684, 4295, 4320, 12270
100.599037, 0, 4254, 1196, 1685, 4302, 4327, 12283
100.699036, 0, 4254, 1196, 1687, 4303, 4339, 12296
100.799034, 0, 4259, 1199, 1687, 4301, 4340, 12312
100.899033, 0, 4267, 1200, 1688, 4308, 4338, 12330
100.999031, 0, 4265, 1200, 1691, 4307, 4335, 12338
101.099030, 0, 4269, 1202, 1693, 4307, 4331, 12350
101.199028, 0, 4272, 1204, 1696, 4320, 4347, 12372
101.299026, 0, 4277, 1206, 1702, 4323, 4348, 12384
101.399025, 0, 4280, 1210, 1706, 4328, 4352, 12403
101.499023, 0, 4273, 1211, 1707, 4328, 4350, 12417
101.599022, 0, 4266, 1215, 1707, 4329, 4352, 12430
101.699020, 0, 4268, 1218, 1708, 4324, 4356, 12446
101.799019, 0, 4275, 1219, 1715, 4338, 4355, 12464
101.899017, 0, 4280, 1219, 1718, 4342, 4359, 12470
101.999016, 0, 4286, 1220, 1725, 4354, 4372, 12497
102.099014, 0, 4284, 1224, 1728, 4355, 4376, 12512
102.199013, 0, 4283, 1226, 1730, 4347, 4364, 12527
102.299011, 0, 4288, 1228, 1732, 4350, 4360, 12552
102.399010, 0, 4288, 1232, 1734, 4356, 4362, 12576
102.499008, 0, 4283, 1234, 1738, 4357, 4360, 12594
102.599007, 0, 4284, 1236, 1737, 4351, 4370, 12609
102.699005, 0, 4285, 1238, 1742, 4365, 4390, 12628
102.799004, 0, 4288, 1240, 1747, 4372, 4398, 12651
102.899002, 0, 4297, 1244, 1748, 4375, 4390, 12679
102.999001, 0, 4300, 1247, 1754, 4382, 4392, 12709
103.098999, 0, 4309, 1250, 1760, 4392, 4404, 12739
103.198997, 0, 4324, 1252, 1765, 4402, 4407, 12767
103.298996, 0, 4327, 1253, 1768, 4407, 4406, 12790
103.398994, 0, 4335, 1255, 1769, 4403, 4405, 12824
103.498993, 0, 4338, 1257, 1772, 4399, 4405, 12847
103.598991, 0, 4334, 1258, 1776, 4403, 4402, 12865
103.698990, 0, 4336, 1264, 1778, 4408, 4411, 12892
103.798988, 0, 4342, 1266, 1781, 4412, 4412, 12920
103.898987, 0, 4337, 1269, 1782, 4415, 4415, 12945
103.998985, 0, 4341, 1271, 1787, 4421, 4420, 12965
104.098984, 0, 4344, 1271, 1788, 4430, 4436, 12988
104.198982, 0, 4361, 1275, 1792, 4439, 4444, 13016
104.298981, 0, 4363, 1278, 1794, 4447, 4446, 13035
104.398979, 0, 4360, 1283, 1795, 4454, 4449, 13050
104.498978, 0, 4363, 1284, 1799, 4453, 4448, 13069
104.598976, 0, 4374, 1287, 1803, 4458, 4456, 13098
104.698975, 0, 4375, 1290, 1806, 4463, 4463, 13123
104.798973, 0, 4374, 1292, 1811, 4467, 4465, 13149
104.898972, 0, 4367, 1292, 1814, 4469, 4465, 13172
104.998970, 0, 4366, 1294, 1816, 4471, 4459, 13189
105.098969, 0, 4375, 1298, 1821, 4479, 4472, 13222
105.198967, 0, 4377, 1300, 1826, 4491, 4477, 13247
105.298965, 0, 4388, 1305, 1832, 4496, 4479, 13282
105.398964, 0, 4392, 1308, 1836, 4497, 4480, 13311
105.498962, 0, 4397, 1310, 1837, 4492, 4482, 13334
105.598961, 0, 4404, 1312, 1845, 4506, 4500, 13359
105.698959, 0, 4418, 1320, 1850, 4511, 4504, 13382
105.798958, 0, 4427, 1326, 1854, 4525, 4521, 13415
105.898956, 0, 4430, 1330, 1859, 4524, 4529, 13448
105.998955, 0, 4436, 1332, 1864, 4539, 4538, 13471
106.098953, 0, 4443, 1334, 1870, 4544, 4541, 13500
106.198952, 0, 4454, 1342, 1876, 4551, 4550, 13537
106.298950, 0, 4462, 1346, 1881, 4564, 4557, 13568
106.398949, 0, 4472, 1350, 1886, 4567, 4557, 13600
106.498947, 0, 4472, 1352, 1889, 4571, 4561, 13632
106.598946, 0, 4485, 1356, 1897, 4595, 4575, 13668
106.698944, 0, 4499, 1360, 1903, 4597, 4578, 13699
106.798943, 0, 4504, 1363, 1906, 4604, 4583, 13726
106.898941, 0, 4508, 1369, 1907, 4614, 4594, 13759
106.998940, 0, 4513, 1372, 1914, 4616, 4601, 13790
107.098938, 0, 4514, 1376, 1917, 4621, 4606, 13817
107.198936, 0, 4513, 1377, 1922, 4626, 4611, 13843
107.298935, 0, 4529, 1381, 1927, 4636, 4634, 13882
107.398933, 0, 4534, 1382, 1931, 4650, 4641, 13917
107.498932, 0, 4540, 1388, 1931, 4658, 4642, 13957
107.598930, 0, 4557, 1392, 1933, 4665, 4651, 14001
107.698929, 0, 4570, 1392, 1941, 4675, 4661, 14037
107.798927, 0, 4588, 1398, 1948, 4682, 4672, 14078
107.898926, 0, 4600, 1404, 1955, 4696, 4678, 14117
107.998924, 0, 4605, 1404, 1959, 4702, 4683, 14148
108.098923, 0, 4606, 1411, 1961, 4702, 4679, 14173
108.198921, 0, 4609, 1416, 1961, 4703, 4682, 14206
108.298920, 0, 4620, 1418, 1966, 4716, 4691, 14240
108.398918, 0, 4632, 1423, 1969, 4724, 4706, 14273
108.498917, 0, 4633, 1427, 1972, 4729, 4712, 14310
108.598915, 0, 4632, 1431, 1975, 4748, 4728, 14349
108.698914, 0, 4647, 1436, 1980, 4755, 4746, 14387
108.798912, 0, 4655, 1437, 1984, 4757, 4751, 14414
108.898911, 0, 4655, 1439, 1986, 4763, 4751, 14451
108.998909, 0, 4657, 1442, 1985, 4759, 4763, 14473
109.098907, 0, 4658, 1445, 1985, 4761, 4763, 14506
109.198906, 0, 4674, 1451, 1986, 4774, 4767, 14560
109.298904, 0, 4681, 1452, 1989, 4774, 4765, 14587
109.398903, 0, 4689, 1455, 1996, 4788, 4778, 14623
109.498901, 0, 4698, 1457, 2003, 4798, 4787, 14653
109.598900, 0, 4699, 1462, 2004, 4794, 4796, 14694
109.698898, 0, 4710, 1467, 2011, 4805, 4802, 14741
109.798897, 0, 4712, 1469, 2017, 4803, 4806, 14771
109.898895, 0, 4720, 1472, 2024, 4805, 4814, 14811
109.998894, 0, 4732, 1475, 2030, 4813, 4827, 14851
110.098892, 0, 4751, 1481, 2034, 4817, 4838, 14895
110.198891, 0, 4757, 1483, 2038, 4831, 4842, 14933
110.298889, 0, 4756, 1486, 2047, 4845, 4856, 14968
