time,yellow_output,cyan_output,f_qacr_low,f_qacr_med,f_qacr_high,total
0.000000, 0, 0, 0, 0, 0
0.100000, 0, 0, 0, 0, 0
0.200000, 0, 0, 0, 0, 0
0.300000, 0, 0, 0, 0, 0
0.400000, 0, 0, 0, 0, 0
0.500000, 0, 0, 0, 0, 0
0.600000, 0, 0, 0, 0, 0
0.700000, 0, 0, 0, 0, 0
0.800000, 0, 0, 0, 0, 0
0.900000, 0, 0, 0, 0, 0
1.000000, 0, 0, 0, 0, 0
1.100000, 0, 0, 0, 0, 0
1.200000, 0, 0, 0, 0, 0
1.300000, 0, 0, 0, 0, 0
1.400000, 0, 0, 0, 0, 0
1.500000, 0, 0, 0, 0, 0
1.600000, 0, 0, 0, 0, 0
1.700000, 0, 0, 0, 0, 0
1.800000, 0, 0, 0, 0, 0
1.900000, 0, 0, 0, 0, 0
2.000000, 0, 0, 0, 0, 0
2.100000, 0, 0, 0, 0, 0
2.200000, 0, 0, 0, 0, 0
2.300000, 0, 0, 0, 0, 0
2.400000, 0, 0, 0, 0, 0
2.500000, 0, 0, 0, 0, 0
2.600000, 0, 0, 1, 0, 0
2.700000, 0, 0, 1, 0, 0
2.799999, 0, 0, 1, 0, 0
2.899999, 0, 0, 1, 0, 0
2.999999, 0, 0, 2, 0, 0
3.099999, 0, 0, 2, 0, 0
3.199999, 0, 0, 2, 0, 0
3.299999, 0, 0, 2, 0, 0
3.399999, 0, 0, 2, 0, 0
3.499999, 0, 0, 2, 0, 0
3.599999, 0, 0, 3, 0, 0
3.699999, 0, 0, 3, 0, 0
3.799999, 0, 0, 3, 0, 0
3.899998, 0, 0, 5, 0, 0
3.999998, 0, 0, 5, 0, 0
4.099998, 0, 0, 8, 0, 0
4.199998, 0, 0, 8, 0, 0
4.299998, 0, 0, 12, 0, 0
4.399998, 0, 0, 14, 0, 0
4.499998, 0, 0, 16, 0, 0
4.599998, 0, 0, 21, 0, 0
4.699998, 0, 0, 25, 0, 0
4.799998, 0, 0, 31, 0, 0
4.899998, 0, 0, 40, 0, 0
4.999998, 0, 0, 48, 0, 0
5.099998, 0, 0, 60, 0, 0
5.199997, 0, 0, 75, 0, 0
5.299997, 0, 0, 90, 0, 0
5.399997, 0, 0, 109, 0, 0
5.499997, 0, 0, 124, 0, 0
5.599997, 0, 0, 137, 0, 0
5.699997, 0, 0, 162, 0, 0
5.799997, 0, 0, 192, 0, 0
5.899997, 0, 0, 217, 0, 0
5.999997, 0, 0, 242, 0, 0
6.099997, 0, 0, 267, 0, 0
6.199996, 0, 0, 304, 0, 0
6.299996, 0, 0, 333, 0, 0
6.399996, 0, 0, 376, 0, 0
6.499996, 0, 0, 421, 0, 0
6.599996, 0, 0, 461, 0, 1
6.699996, 0, 0, 504, 1, 1
6.799996, 0, 0, 558, 1, 1
6.899996, 0, 0, 598, 1, 1
6.999996, 0, 0, 640, 2, 2
7.099996, 0, 0, 683, 2, 4
7.199996, 0, 0, 743, 2, 5
7.299995, 0, 0, 821, 3, 6
7.399995, 0, 0, 879, 4, 6
7.499995, 0, 0, 937, 4, 7
7.599995, 0, 0, 1001, 4, 7
7.699995, 0, 0, 1077, 4, 7
7.799995, 0, 0, 1131, 4, 7
7.899995, 0, 0, 1201, 5, 7
7.999995, 0, 0, 1278, 5, 7
8.099995, 0, 0, 1344, 6, 7
8.199995, 0, 0, 1421, 6, 8
8.299995, 0, 0, 1490, 7, 8
8.399996, 0, 0, 1547, 7, 9
8.499996, 0, 0, 1605, 7, 10
8.599997, 0, 0, 1669, 7, 11
8.699997, 0, 0, 1714, 8, 11
8.799997, 0, 0, 1784, 9, 11
8.899998, 0, 0, 1843, 11, 11
8.999998, 0, 0, 1890, 13, 12
9.099998, 0, 0, 1947, 13, 14
9.199999, 0, 0, 1984, 14, 14
9.299999, 0, 0, 2029, 16, 14
9.400000, 0, 0, 2072, 16, 16
9.500000, 0, 0, 2118, 19, 17
9.600000, 0, 0, 2153, 21, 21
9.700001, 0, 0, 2183, 24, 21
9.800001, 0, 0, 2217, 25, 21
9.900002, 0, 0, 2242, 29, 23
10.000002, 0, 0, 2269, 31, 24
10.100002, 0, 0, 2295, 34, 26
10.200003, 0, 0, 2322, 40, 27
10.300003, 0, 0, 2337, 48, 29
10.400003, 0, 0, 2361, 50, 31
10.500004, 0, 0, 2371, 53, 31
10.600004, 0, 0, 2387, 54, 32
10.700005, 0, 0, 2398, 57, 33
10.800005, 0, 0, 2404, 59, 35
10.900005, 0, 0, 2416, 63, 39
11.000006, 0, 0, 2424, 68, 39
11.100006, 0, 0, 2417, 74, 44
11.200006, 0, 0, 2421, 76, 48
11.300007, 0, 0, 2428, 78, 50
11.400007, 0, 0, 2426, 81, 50
11.500008, 0, 0, 2427, 85, 50
11.600008, 0, 0, 2427, 92, 51
11.700008, 0, 0, 2423, 96, 54
11.800009, 0, 0, 2423, 102, 56
11.900009, 0, 0, 2419, 111, 59
12.000010, 0, 0, 2413, 113, 60
12.100010, 0, 0, 2412, 116, 61
12.200010, 0, 0, 2411, 128, 63
12.300011, 0, 0, 2407, 131, 66
12.400011, 0, 0, 2405, 135, 67
12.500011, 0, 0, 2403, 141, 68
12.600012, 0, 0, 2396, 140, 69
12.700012, 0, 0, 2394, 144, 69
12.800013, 0, 0, 2392, 144, 72
12.900013, 0, 0, 2389, 146, 72
13.000013, 0, 0, 2382, 149, 72
13.100014, 0, 0, 2382, 156, 74
13.200014, 0, 0, 2382, 160, 75
13.300014, 0, 0, 2380, 165, 76
13.400015, 0, 0, 2373, 172, 76
13.500015, 0, 0, 2369, 177, 76
13.600016, 0, 0, 2360, 182, 77
13.700016, 0, 0, 2359, 185, 77
13.800016, 0, 0, 2357, 187, 77
13.900017, 0, 0, 2351, 195, 78
14.000017, 0, 0, 2351, 203, 79
14.100018, 0, 0, 2345, 211, 80
14.200018, 0, 0, 2343, 217, 81
14.300018, 0, 0, 2339, 220, 82
14.400019, 0, 0, 2333, 230, 84
14.500019, 0, 0, 2330, 233, 85
14.600019, 0, 0, 2326, 235, 86
14.700020, 1, 0, 2320, 239, 86
14.800020, 1, 0, 2315, 241, 86
14.900021, 1, 0, 2310, 244, 88
15.000021, 1, 0, 2303, 249, 88
15.100021, 1, 0, 2303, 253, 89
15.200022, 2, 0, 2296, 254, 90
15.300022, 2, 0, 2296, 259, 92
15.400023, 2, 0, 2294, 260, 92
15.500023, 2, 0, 2291, 267, 94
15.600023, 2, 0, 2291, 267, 94
15.700024, 2, 0, 2290, 271, 96
15.800024, 2, 0, 2280, 277, 98
15.900024, 4, 0, 2271, 280, 99
16.000025, 4, 0, 2268, 282, 99
16.100025, 4, 0, 2264, 289, 100
16.200026, 4, 0, 2262, 290, 101
16.300026, 4, 0, 2262, 292, 101
16.400026, 6, 0, 2256, 295, 102
16.500027, 7, 0, 2252, 299, 102
16.600027, 8, 0, 2243, 304, 102
16.700027, 8, 0, 2241, 310, 105
16.800028, 8, 0, 2241, 316, 108
16.900028, 9, 0, 2237, 317, 111
17.000029, 10, 0, 2230, 319, 111
17.100029, 11, 0, 2228, 320, 111
17.200029, 12, 0, 2225, 321, 112
17.300030, 12, 0, 2223, 328, 112
17.400030, 13, 0, 2220, 333, 114
17.500031, 13, 0, 2215, 335, 114
17.600031, 14, 0, 2213, 338, 114
17.700031, 15, 0, 2211, 342, 115
17.800032, 15, 0, 2209, 345, 116
17.900032, 15, 0, 2208, 346, 118
18.000032, 15, 0, 2208, 346, 119
18.100033, 16, 0, 2206, 348, 122
18.200033, 16, 0, 2195, 350, 122
18.300034, 16, 0, 2193, 355, 122
18.400034, 16, 0, 2191, 360, 122
18.500034, 17, 0, 2188, 361, 122
18.600035, 19, 0, 2182, 361, 122
18.700035, 21, 0, 2177, 365, 122
18.800035, 21, 0, 2176, 368, 123
18.900036, 21, 0, 2172, 370, 124
19.000036, 21, 0, 2171, 373, 124
19.100037, 21, 0, 2169, 377, 126
19.200037, 22, 0, 2166, 379, 127
19.300037, 23, 0, 2166, 384, 129
19.400038, 25, 0, 2160, 388, 130
19.500038, 25, 0, 2159, 392, 131
19.600039, 25, 0, 2154, 396, 132
19.700039, 25, 0, 2152, 404, 136
19.800039, 25, 0, 2152, 408, 136
19.900040, 26, 0, 2151, 412, 138
20.000040, 26, 0, 2153, 416, 138
20.100040, 26, 0, 2152, 418, 139
20.200041, 28, 0, 2148, 422, 140
20.300041, 29, 0, 2148, 429, 140
20.400042, 29, 0, 2147, 432, 142
20.500042, 30, 0, 2143, 434, 142
20.600042, 31, 0, 2147, 438, 144
20.700043, 34, 0, 2145, 441, 145
20.800043, 34, 0, 2147, 449, 146
20.900043, 35, 0, 2147, 457, 146
21.000044, 37, 0, 2151, 457, 146
21.100044, 38, 0, 2145, 460, 148
21.200045, 39, 0, 2139, 462, 149
21.300045, 40, 0, 2140, 465, 149
21.400045, 41, 0, 2139, 468, 150
21.500046, 42, 0, 2137, 472, 150
21.600046, 42, 0, 2139, 474, 151
21.700047, 44, 0, 2142, 481, 151
21.800047, 44, 0, 2143, 488, 151
21.900047, 45, 0, 2147, 495, 151
22.000048, 45, 0, 2148, 500, 151
22.100048, 46, 0, 2153, 504, 151
22.200048, 47, 0, 2154, 507, 151
22.300049, 48, 0, 2152, 511, 153
22.400049, 50, 0, 2149, 512, 153
22.500050, 50, 0, 2147, 518, 154
22.600050, 50, 0, 2151, 523, 155
22.700050, 52, 0, 2159, 528, 155
22.800051, 52, 0, 2164, 535, 155
22.900051, 55, 0, 2166, 537, 156
23.000051, 56, 0, 2170, 537, 157
23.100052, 56, 0, 2173, 542, 157
23.200052, 60, 0, 2175, 548, 157
23.300053, 61, 0, 2180, 550, 157
23.400053, 62, 0, 2179, 551, 159
23.500053, 63, 0, 2181, 554, 161
23.600054, 63, 0, 2189, 558, 164
23.700054, 65, 0, 2186, 566, 164
23.800055, 65, 0, 2189, 575, 165
23.900055, 66, 0, 2191, 577, 167
24.000055, 68, 0, 2192, 580, 168
24.100056, 68, 0, 2201, 583, 168
24.200056, 68, 0, 2207, 586, 169
24.300056, 69, 0, 2212, 591, 170
24.400057, 72, 0, 2209, 600, 170
24.500057, 73, 0, 2219, 605, 172
24.600058, 74, 0, 2233, 604, 173
24.700058, 75, 0, 2238, 612, 176
24.800058, 76, 0, 2244, 618, 178
24.900059, 76, 0, 2251, 623, 180
25.000059, 76, 0, 2256, 628, 182
25.100060, 79, 0, 2259, 634, 183
25.200060, 80, 0, 2264, 635, 183
25.300060, 81, 1, 2267, 640, 187
25.400061, 81, 1, 2267, 649, 191
25.500061, 81, 1, 2272, 654, 192
25.600061, 81, 1, 2278, 654, 192
25.700062, 82, 1, 2282, 660, 193
25.800062, 83, 1, 2284, 669, 193
25.900063, 85, 1, 2288, 673, 198
26.000063, 86, 1, 2288, 678, 198
26.100063, 86, 1, 2295, 681, 199
26.200064, 87, 2, 2293, 685, 199
26.300064, 88, 2, 2293, 690, 200
26.400064, 89, 2, 2297, 693, 203
26.500065, 94, 2, 2292, 699, 204
26.600065, 95, 2, 2293, 702, 205
26.700066, 95, 2, 2302, 712, 206
26.800066, 96, 2, 2305, 721, 208
26.900066, 100, 2, 2314, 726, 209
27.000067, 105, 2, 2318, 735, 211
27.100067, 106, 2, 2325, 737, 212
27.200068, 107, 2, 2328, 743, 212
27.300068, 110, 2, 2333, 745, 212
27.400068, 111, 2, 2337, 751, 212
27.500069, 111, 2, 2349, 753, 214
27.600069, 112, 2, 2353, 760, 215
27.700069, 114, 2, 2359, 766, 219
27.800070, 116, 2, 2364, 768, 219
27.900070, 118, 1, 2366, 772, 219
28.000071, 121, 1, 2369, 784, 221
28.100071, 123, 1, 2376, 790, 222
28.200071, 123, 1, 2383, 798, 222
28.300072, 124, 1, 2385, 801, 226
28.400072, 124, 1, 2390, 804, 226
28.500072, 127, 1, 2395, 810, 226
28.600073, 128, 2, 2400, 812, 226
28.700073, 129, 3, 2402, 818, 227
28.800074, 131, 3, 2408, 823, 229
28.900074, 137, 3, 2401, 830, 230
29.000074, 137, 3, 2408, 834, 231
29.100075, 138, 3, 2416, 842, 233
29.200075, 138, 3, 2427, 849, 235
29.300076, 138, 4, 2433, 854, 238
29.400076, 142, 4, 2428, 859, 238
29.500076, 144, 4, 2429, 864, 238
29.600077, 145, 4, 2431, 868, 238
29.700077, 146, 4, 2438, 874, 241
29.800077, 146, 5, 2452, 882, 243
29.900078, 148, 5, 2453, 885, 243
30.000078, 148, 5, 2456, 899, 244
30.100079, 149, 5, 2462, 905, 244
30.200079, 153, 5, 2461, 912, 244
30.300079, 153, 6, 2469, 917, 244
30.400080, 155, 6, 2471, 919, 246
30.500080, 156, 7, 2477, 921, 250
30.600080, 159, 7, 2481, 923, 250
30.700081, 159, 7, 2490, 927, 253
30.800081, 160, 8, 2491, 936, 255
30.900082, 165, 8, 2497, 943, 257
31.000082, 166, 11, 2500, 946, 258
31.100082, 167, 13, 2503, 948, 259
31.200083, 167, 16, 2507, 952, 259
31.300083, 169, 19, 2514, 958, 261
31.400084, 169, 21, 2517, 963, 262
31.500084, 172, 23, 2524, 967, 262
31.600084, 175, 23, 2529, 976, 263
31.700085, 177, 25, 2533, 978, 265
31.800085, 179, 27, 2533, 985, 268
31.900085, 180, 27, 2534, 993, 270
32.000084, 181, 27, 2536, 1006, 270
32.100082, 183, 32, 2539, 1007, 271
32.200081, 184, 34, 2545, 1010, 272
32.300079, 186, 36, 2554, 1013, 272
32.400078, 186, 37, 2563, 1018, 272
32.500076, 188, 39, 2565, 1022, 272
32.600075, 190, 41, 2569, 1026, 272
32.700073, 191, 44, 2570, 1032, 276
32.800072, 194, 44, 2574, 1034, 276
32.900070, 197, 48, 2573, 1039, 277
33.000069, 198, 50, 2578, 1043, 279
33.100067, 199, 51, 2582, 1047, 283
33.200066, 199, 52, 2588, 1056, 284
33.300064, 201, 52, 2595, 1063, 285
33.400063, 203, 58, 2592, 1066, 288
33.500061, 204, 68, 2594, 1070, 288
33.600060, 206, 71, 2598, 1074, 289
33.700058, 206, 72, 2607, 1077, 292
33.800056, 206, 75, 2614, 1077, 293
33.900055, 213, 80, 2615, 1082, 293
34.000053, 215, 82, 2616, 1085, 293
34.100052, 215, 84, 2620, 1095, 295
34.200050, 216, 86, 2624, 1105, 295
34.300049, 218, 86, 2624, 1108, 296
34.400047, 220, 88, 2630, 1110, 298
34.500046, 223, 92, 2628, 1113, 300
34.600044, 225, 101, 2630, 1117, 304
34.700043, 226, 108, 2634, 1119, 306
34.800041, 227, 118, 2637, 1124, 309
34.900040, 229, 127, 2643, 1130, 310
35.000038, 229, 127, 2652, 1132, 310
35.100037, 234, 135, 2655, 1137, 310
35.200035, 234, 139, 2661, 1139, 310
35.300034, 239, 146, 2663, 1142, 315
35.400032, 241, 159, 2672, 1149, 316
35.500031, 246, 162, 2676, 1152, 317
35.600029, 246, 171, 2683, 1156, 317
35.700027, 247, 175, 2688, 1159, 317
35.800026, 249, 178, 2692, 1167, 317
35.900024, 253, 184, 2698, 1177, 317
36.000023, 257, 192, 2697, 1183, 317
36.100021, 259, 198, 2703, 1189, 317
36.200020, 261, 199, 2711, 1196, 319
36.300018, 261, 202, 2716, 1202, 320
36.400017, 263, 209, 2716, 1206, 322
36.500015, 265, 217, 2721, 1211, 322
36.600014, 265, 222, 2721, 1214, 323
36.700012, 268, 233, 2722, 1219, 324
36.800011, 270, 242, 2727, 1223, 325
36.900009, 271, 246, 2728, 1229, 326
37.000008, 273, 251, 2730, 1230, 328
37.100006, 274, 256, 2737, 1235, 328
37.200005, 274, 262, 2744, 1240, 329
37.300003, 274, 270, 2749, 1242, 329
37.400002, 275, 273, 2751, 1244, 331
37.500000, 275, 280, 2755, 1249, 332
37.599998, 280, 291, 2760, 1255, 334
37.699997, 281, 298, 2764, 1258, 335
37.799995, 283, 310, 2764, 1259, 335
37.899994, 286, 318, 2768, 1263, 335
37.999992, 288, 321, 2775, 1268, 339
38.099991, 291, 328, 2778, 1273, 339
38.199989, 291, 339, 2780, 1274, 341
38.299988, 294, 345, 2778, 1279, 341
38.399986, 295, 349, 2782, 1284, 344
38.499985, 295, 350, 2786, 1288, 345
38.599983, 296, 365, 2791, 1290, 346
38.699982, 296, 367, 2796, 1293, 349
38.799980, 298, 378, 2805, 1297, 350
38.899979, 302, 381, 2800, 1302, 351
38.999977, 304, 382, 2801, 1304, 351
39.099976, 304, 384, 2802, 1306, 351
39.199974, 304, 391, 2805, 1311, 353
39.299973, 306, 397, 2808, 1313, 353
39.399971, 310, 403, 2802, 1324, 355
39.499969, 313, 407, 2802, 1333, 357
39.599968, 316, 407, 2803, 1340, 357
39.699966, 321, 408, 2803, 1344, 357
39.799965, 322, 413, 2804, 1348, 358
39.899963, 325, 417, 2806, 1353, 358
39.999962, 326, 420, 2808, 1358, 358
40.099960, 330, 424, 2811, 1362, 360
40.199959, 334, 432, 2812, 1369, 360
40.299957, 339, 438, 2812, 1373, 360
40.399956, 342, 450, 2818, 1380, 360
40.499954, 342, 453, 2819, 1381, 361
40.599953, 343, 459, 2823, 1385, 361
40.699951, 343, 465, 2826, 1388, 362
40.799950, 350, 468, 2824, 1391, 363
40.899948, 351, 475, 2833, 1392, 364
40.999947, 352, 478, 2834, 1397, 365
41.099945, 352, 489, 2838, 1402, 366
41.199944, 353, 496, 2841, 1406, 366
41.299942, 354, 499, 2842, 1406, 365
41.399940, 355, 506, 2845, 1411, 365
41.499939, 358, 514, 2851, 1418, 366
41.599937, 358, 518, 2854, 1423, 369
41.699936, 359, 521, 2854, 1425, 370
41.799934, 361, 525, 2858, 1429, 370
41.899933, 361, 529, 2861, 1433, 372
41.999931, 361, 540, 2868, 1432, 373
42.099930, 364, 548, 2867, 1434, 374
42.199928, 366, 550, 2868, 1438, 376
42.299927, 367, 550, 2869, 1442, 377
42.399925, 367, 556, 2876, 1445, 377
42.499924, 370, 565, 2883, 1451, 379
42.599922, 371, 573, 2890, 1452, 380
42.699921, 373, 584, 2896, 1454, 380
42.799919, 378, 590, 2895, 1463, 380
42.899918, 378, 595, 2904, 1467, 380
42.999916, 380, 604, 2902, 1471, 381
43.099915, 380, 611, 2908, 1475, 383
43.199913, 381, 617, 2910, 1480, 384
43.299911, 382, 622, 2910, 1487, 386
43.399910, 384, 633, 2913, 1492, 387
43.499908, 385, 645, 2915, 1499, 387
43.599907, 386, 651, 2918, 1502, 387
43.699905, 388, 660, 2924, 1503, 387
43.799904, 390, 664, 2925, 1510, 388
43.899902, 392, 665, 2929, 1512, 389
43.999901, 395, 673, 2932, 1519, 389
44.099899, 400, 681, 2931, 1522, 389
44.199898, 401, 692, 2935, 1524, 393
44.299896, 404, 697, 2936, 1526, 395
44.399895, 405, 701, 2938, 1530, 395
44.499893, 405, 709, 2942, 1532, 397
44.599892, 405, 711, 2946, 1539, 397
44.699890, 408, 718, 2946, 1542, 400
44.799889, 408, 725, 2951, 1548, 400
44.899887, 408, 729, 2954, 1554, 401
44.999886, 409, 735, 2957, 1553, 401
45.099884, 412, 738, 2960, 1556, 402
45.199883, 415, 748, 2963, 1561, 402
45.299881, 415, 750, 2965, 1563, 404
45.399879, 416, 756, 2969, 1568, 405
45.499878, 417, 769, 2971, 1576, 405
45.599876, 417, 774, 2975, 1581, 405
45.699875, 418, 780, 2979, 1582, 407
45.799873, 418, 788, 2985, 1586, 409
45.899872, 418, 797, 2989, 1589, 408
45.999870, 420, 800, 2992, 1590, 409
46.099869, 421, 807, 2993, 1594, 410
46.199867, 421, 813, 2993, 1597, 410
46.299866, 424, 822, 2992, 1597, 410
46.399864, 425, 836, 2995, 1601, 410
46.499863, 426, 842, 3001, 1604, 410
46.599861, 426, 849, 3006, 1605, 411
46.699860, 426, 856, 3010, 1609, 411
46.799858, 428, 860, 3011, 1614, 412
46.899857, 431, 864, 3010, 1616, 412
46.999855, 432, 872, 3010, 1619, 413
47.099854, 433, 875, 3016, 1625, 415
47.199852, 436, 893, 3021, 1627, 416
47.299850, 438, 900, 3022, 1629, 418
47.399849, 438, 910, 3025, 1629, 419
47.499847, 441, 913, 3028, 1635, 419
47.599846, 442, 921, 3035, 1637, 419
47.699844, 442, 928, 3036, 1639, 419
47.799843, 443, 935, 3039, 1641, 419
47.899841, 443, 942, 3042, 1646, 420
47.999840, 449, 947, 3040, 1648, 420
48.099838, 454, 954, 3038, 1652, 420
48.199837, 456, 962, 3039, 1653, 420
48.299835, 459, 972, 3044, 1660, 421
48.399834, 459, 975, 3048, 1661, 420
48.499832, 459, 980, 3050, 1667, 421
48.599831, 461, 984, 3051, 1667, 421
48.699829, 462, 991, 3053, 1670, 421
48.799828, 463, 997, 3054, 1676, 422
48.899826, 463, 1000, 3058, 1676, 423
48.999825, 465, 1013, 3061, 1682, 424
49.099823, 467, 1021, 3062, 1686, 425
49.199821, 468, 1027, 3063, 1688, 426
49.299820, 469, 1031, 3066, 1689, 427
49.399818, 471, 1037, 3072, 1692, 427
49.499817, 471, 1044, 3078, 1698, 427
49.599815, 472, 1046, 3087, 1699, 427
49.699814, 472, 1053, 3091, 1700, 427
49.799812, 472, 1060, 3095, 1702, 428
49.899811, 472, 1065, 3099, 1706, 430
49.999809, 475, 1069, 3099, 1709, 430
50.099808, 477, 1074, 3100, 1711, 430
50.199806, 478, 1079, 3104, 1712, 430
50.299805, 481, 1083, 3105, 1713, 429
50.399803, 482, 1090, 3109, 1718, 429
50.499802, 485, 1102, 3111, 1720, 429
50.599800, 485, 1105, 3115, 1723, 428
50.699799, 485, 1113, 3118, 1727, 428
50.799797, 486, 1120, 3118, 1731, 429
50.899796, 487, 1124, 3122, 1732, 431
50.999794, 490, 1130, 3127, 1739, 431
51.099792, 491, 1134, 3130, 1740, 433
51.199791, 492, 1135, 3132, 1743, 433
51.299789, 495, 1141, 3134, 1745, 432
51.399788, 499, 1146, 3137, 1751, 432
51.499786, 499, 1151, 3141, 1753, 433
51.599785, 499, 1155, 3146, 1757, 434
51.699783, 502, 1163, 3150, 1762, 435
51.799782, 502, 1170, 3156, 1766, 436
51.899780, 502, 1177, 3160, 1769, 437
51.999779, 503, 1186, 3163, 1772, 437
52.099777, 504, 1187, 3166, 1775, 438
52.199776, 504, 1192, 3168, 1778, 438
52.299774, 505, 1194, 3173, 1780, 438
52.399773, 507, 1198, 3177, 1782, 439
52.499771, 507, 1206, 3183, 1785, 439
52.599770, 508, 1210, 3188, 1791, 439
52.699768, 508, 1217, 3191, 1794, 440
52.799767, 509, 1224, 3193, 1800, 442
52.899765, 509, 1232, 3198, 1808, 443
52.999763, 510, 1239, 3201, 1815, 443
53.099762, 511, 1245, 3204, 1817, 444
53.199760, 514, 1254, 3206, 1820, 444
53.299759, 518, 1263, 3209, 1827, 444
53.399757, 520, 1269, 3209, 1827, 444
53.499756, 520, 1278, 3209, 1833, 447
53.599754, 522, 1283, 3213, 1837, 448
53.699753, 523, 1291, 3214, 1841, 451
53.799751, 524, 1302, 3218, 1845, 452
53.899750, 524, 1308, 3225, 1848, 452
53.999748, 525, 1311, 3229, 1851, 452
54.099747, 525, 1319, 3234, 1853, 452
54.199745, 525, 1323, 3239, 1855, 453
54.299744, 527, 1333, 3240, 1858, 453
54.399742, 528, 1338, 3245, 1859, 453
54.499741, 529, 1339, 3246, 1860, 453
54.599739, 531, 1348, 3248, 1860, 454
54.699738, 533, 1350, 3247, 1863, 457
54.799736, 533, 1353, 3250, 1864, 457
54.899734, 535, 1359, 3253, 1867, 458
54.999733, 537, 1369, 3256, 1872, 458
55.099731, 538, 1371, 3261, 1872, 458
55.199730, 541, 1374, 3262, 1876, 458
55.299728, 541, 1383, 3268, 1877, 459
55.399727, 541, 1389, 3271, 1877, 461
55.499725, 541, 1392, 3275, 1877, 463
55.599724, 541, 1397, 3278, 1879, 465
55.699722, 542, 1404, 3283, 1882, 465
55.799721, 542, 1409, 3289, 1886, 465
55.899719, 542, 1415, 3292, 1890, 465
55.999718, 543, 1420, 3300, 1894, 467
56.099716, 544, 1427, 3302, 1897, 467
56.199715, 544, 1429, 3305, 1899, 468
56.299713, 545, 1434, 3311, 1903, 469
56.399712, 545, 1438, 3317, 1905, 469
56.499710, 547, 1441, 3321, 1907, 470
56.599709, 547, 1443, 3325, 1910, 472
56.699707, 547, 1445, 3328, 1913, 471
56.799706, 550, 1449, 3329, 1917, 471
56.899704, 550, 1458, 3332, 1921, 471
56.999702, 553, 1464, 3331, 1926, 471
57.099701, 553, 1470, 3335, 1927, 471
57.199699, 554, 1477, 3335, 1929, 471
57.299698, 555, 1479, 3338, 1934, 471
57.399696, 555, 1486, 3339, 1935, 472
57.499695, 555, 1493, 3340, 1939, 472
57.599693, 556, 1497, 3342, 1940, 472
57.699692, 556, 1505, 3347, 1944, 473
57.799690, 557, 1512, 3353, 1946, 476
57.899689, 557, 1521, 3356, 1950, 478
57.999687, 558, 1528, 3363, 1956, 479
58.099686, 559, 1534, 3365, 1958, 480
58.199684, 559, 1541, 3368, 1961, 480
58.299683, 560, 1545, 3370, 1961, 480
58.399681, 560, 1547, 3374, 1961, 482
58.499680, 560, 1552, 3378, 1962, 484
58.599678, 561, 1558, 3386, 1966, 484
58.699677, 562, 1563, 3388, 1968, 485
58.799675, 563, 1567, 3392, 1970, 485
58.899673, 563, 1570, 3395, 1971, 486
58.999672, 564, 1573, 3394, 1971, 486
59.099670, 564, 1574, 3398, 1972, 488
59.199669, 565, 1583, 3399, 1974, 486
59.299667, 565, 1588, 3403, 1977, 487
59.399666, 565, 1594, 3405, 1979, 490
59.499664, 565, 1598, 3412, 1980, 490
59.599663, 566, 1601, 3415, 1985, 491
59.699661, 566, 1610, 3417, 1991, 491
59.799660, 567, 1615, 3419, 1993, 491
59.899658, 568, 1621, 3420, 1999, 490
59.999657, 571, 1628, 3423, 2006, 490
60.099655, 571, 1632, 3430, 2007, 490
60.199654, 572, 1640, 3431, 2010, 490
60.299652, 573, 1650, 3435, 2012, 490
60.399651, 573, 1660, 3438, 2018, 490
60.499649, 574, 1664, 3442, 2022, 491
60.599648, 574, 1669, 3446, 2024, 492
60.699646, 576, 1675, 3450, 2028, 493
60.799644, 577, 1680, 3456, 2031, 493
60.899643, 578, 1684, 3460, 2033, 493
60.999641, 578, 1690, 3461, 2033, 494
61.099640, 579, 1693, 3462, 2036, 494
61.199638, 580, 1696, 3467, 2036, 495
61.299637, 583, 1700, 3474, 2040, 497
61.399635, 583, 1707, 3482, 2042, 499
61.499634, 583, 1713, 3487, 2043, 499
61.599632, 583, 1724, 3490, 2047, 499
61.699631, 584, 1728, 3496, 2052, 498
61.799629, 584, 1734, 3500, 2053, 499
61.899628, 584, 1740, 3505, 2055, 498
61.999626, 584, 1747, 3515, 2059, 500
62.099625, 584, 1751, 3526, 2061, 501
62.199623, 585, 1754, 3538, 2064, 501
62.299622, 587, 1761, 3542, 2070, 501
62.399620, 589, 1762, 3548, 2072, 499
62.499619, 590, 1766, 3553, 2074, 499
62.599617, 590, 1775, 3560, 2077, 499
62.699615, 592, 1779, 3564, 2081, 499
62.799614, 593, 1783, 3575, 2082, 499
62.899612, 595, 1789, 3582, 2085, 500
62.999611, 595, 1792, 3585, 2086, 500
63.099609, 595, 1795, 3594, 2087, 500
63.199608, 596, 1805, 3596, 2097, 500
63.299606, 598, 1815, 3603, 2100, 500
63.399605, 599, 1821, 3614, 2105, 501
63.499603, 600, 1827, 3620, 2110, 502
63.599602, 601, 1833, 3629, 2113, 503
63.699600, 608, 1845, 3644, 2125, 501
63.799599, 609, 1852, 3652, 2126, 501
63.899597, 609, 1855, 3654, 2131, 502
63.999596, 611, 1863, 3661, 2133, 502
64.099594, 614, 1871, 3675, 2142, 503
64.199593, 617, 1878, 3681, 2149, 507
64.299591, 621, 1886, 3688, 2158, 507
64.399590, 621, 1892, 3696, 2159, 508
64.499588, 621, 1897, 3708, 2160, 510
64.599586, 621, 1904, 3712, 2166, 508
64.699585, 621, 1908, 3725, 2168, 509
64.799583, 622, 1917, 3736, 2175, 508
64.899582, 625, 1926, 3741, 2176, 509
64.999580, 626, 1935, 3748, 2181, 508
65.099579, 627, 1941, 3761, 2186, 509
65.199577, 627, 1945, 3768, 2189, 512
65.299576, 627, 1951, 3779, 2194, 513
65.399574, 627, 1958, 3790, 2197, 515
65.499573, 628, 1968, 3800, 2205, 515
65.599571, 629, 1975, 3808, 2209, 515
65.699570, 629, 1978, 3812, 2209, 517
65.799568, 629, 1985, 3819, 2211, 517
65.899567, 630, 1994, 3827, 2218, 519
65.999565, 632, 2007, 3840, 2226, 521
66.099564, 633, 2010, 3846, 2229, 523
66.199562, 634, 2019, 3855, 2237, 524
66.299561, 636, 2025, 3869, 2242, 525
66.399559, 638, 2041, 3883, 2252, 528
66.499557, 640, 2048, 3895, 2256, 531
66.599556, 640, 2058, 3908, 2263, 531
66.699554, 640, 2064, 3922, 2269, 532
66.799553, 643, 2068, 3936, 2274, 533
66.899551, 644, 2074, 3949, 2281, 537
66.999550, 645, 2082, 3956, 2287, 541
67.099548, 647, 2090, 3966, 2295, 542
67.199547, 649, 2102, 3973, 2306, 542
67.299545, 650, 2108, 3976, 2314, 548
67.399544, 650, 2113, 3985, 2318, 550
67.499542, 654, 2118, 3997, 2318, 551
67.599541, 654, 2128, 4006, 2324, 552
67.699539, 656, 2136, 4016, 2332, 552
67.799538, 657, 2143, 4028, 2337, 552
67.899536, 657, 2153, 4036, 2346, 552
67.999535, 658, 2162, 4045, 2352, 553
68.099533, 660, 2173, 4058, 2361, 553
68.199532, 662, 2179, 4071, 2368, 553
68.299530, 662, 2184, 4089, 2373, 552
68.399529, 664, 2193, 4101, 2377, 554
68.499527, 666, 2206, 4111, 2387, 556
68.599525, 668, 2206, 4125, 2387, 558
68.699524, 669, 2214, 4139, 2392, 558
68.799522, 670, 2218, 4155, 2395, 558
68.899521, 670, 2227, 4167, 2397, 558
68.999519, 673, 2232, 4176, 2402, 560
69.099518, 673, 2237, 4186, 2404, 561
69.199516, 673, 2242, 4197, 2410, 561
69.299515, 674, 2246, 4207, 2412, 562
69.399513, 677, 2256, 4221, 2420, 569
69.499512, 681, 2270, 4229, 2433, 571
69.599510, 682, 2277, 4244, 2439, 572
69.699509, 684, 2289, 4255, 2448, 573
69.799507, 685, 2297, 4264, 2454, 574
69.899506, 687, 2304, 4275, 2458, 576
69.999504, 690, 2316, 4289, 2466, 576
70.099503, 691, 2322, 4299, 2469, 576
70.199501, 694, 2334, 4313, 2481, 576
70.299500, 694, 2338, 4330, 2485, 577
70.399498, 696, 2348, 4340, 2495, 577
70.499496, 698, 2355, 4351, 2499, 578
70.599495, 700, 2364, 4363, 2506, 581
70.699493, 702, 2369, 4374, 2507, 585
70.799492, 705, 2378, 4385, 2514, 587
70.899490, 706, 2390, 4395, 2520, 588
70.999489, 711, 2398, 4408, 2527, 590
71.099487, 712, 2406, 4421, 2533, 592
71.199486, 713, 2415, 4433, 2539, 594
71.299484, 715, 2422, 4440, 2547, 594
71.399483, 717, 2429, 4456, 2553, 596
71.499481, 721, 2438, 4471, 2560, 596
71.599480, 721, 2446, 4479, 2564, 596
71.699478, 724, 2454, 4490, 2572, 598
71.799477, 725, 2462, 4500, 2578, 598
71.899475, 727, 2467, 4513, 2582, 598
71.999474, 727, 2470, 4521, 2586, 600
72.099472, 730, 2481, 4534, 2595, 600
72.199471, 732, 2486, 4550, 2600, 601
72.299469, 735, 2495, 4562, 2607, 605
72.399467, 737, 2503, 4576, 2616, 606
72.499466, 739, 2514, 4589, 2626, 607
72.599464, 740, 2519, 4601, 2630, 609
72.699463, 746, 2528, 4618, 2634, 611
72.799461, 748, 2533, 4628, 2638, 614
72.899460, 749, 2540, 4635, 2643, 615
72.999458, 752, 2551, 4649, 2650, 619
73.099457, 754, 2557, 4656, 2657, 621
73.199455, 758, 2561, 4676, 2661, 623
73.299454, 760, 2567, 4689, 2666, 625
73.399452, 764, 2575, 4707, 2675, 626
73.499451, 767, 2585, 4722, 2682, 625
73.599449, 768, 2588, 4735, 2684, 625
73.699448, 770, 2592, 4740, 2687, 627
73.799446, 771, 2596, 4749, 2689, 630
73.899445, 772, 2600, 4763, 2690, 630
73.999443, 773, 2611, 4775, 2695, 633
74.099442, 773, 2614, 4789, 2701, 635
74.199440, 777, 2622, 4796, 2706, 636
74.299438, 778, 2625, 4811, 2710, 639
74.399437, 780, 2631, 4830, 2714, 641
74.499435, 782, 2636, 4844, 2720, 641
74.599434, 783, 2644, 4853, 2728, 642
74.699432, 785, 2653, 4869, 2733, 642
74.799431, 786, 2661, 4882, 2740, 643
74.899429, 787, 2666, 4896, 2744, 642
74.999428, 788, 2672, 4907, 2750, 641
75.099426, 792, 2677, 4928, 2754, 643
75.199425, 795, 2682, 4937, 2757, 644
75.299423, 796, 2688, 4947, 2762, 643
75.399422, 800, 2696, 4959, 2771, 643
75.499420, 801, 2700, 4968, 2774, 644
75.599419, 805, 2706, 4980, 2778, 646
75.699417, 805, 2709, 4990, 2781, 647
75.799416, 806, 2714, 4999, 2786, 647
75.899414, 809, 2722, 5007, 2791, 648
75.999413, 810, 2727, 5017, 2794, 648
76.099411, 814, 2733, 5029, 2801, 648
76.199409, 815, 2737, 5044, 2803, 651
76.299408, 816, 2741, 5059, 2809, 651
76.399406, 816, 2742, 5067, 2810, 651
76.499405, 818, 2749, 5082, 2816, 651
76.599403, 820, 2751, 5091, 2818, 652
76.699402, 822, 2757, 5104, 2824, 654
76.799400, 822, 2761, 5111, 2828, 656
76.899399, 822, 2765, 5120, 2830, 657
76.999397, 822, 2765, 5131, 2831, 657
77.099396, 825, 2773, 5145, 2833, 659
77.199394, 829, 2779, 5158, 2836, 659
77.299393, 829, 2781, 5170, 2838, 662
77.399391, 831, 2786, 5187, 2843, 662
77.499390, 832, 2789, 5199, 2847, 662
77.599388, 833, 2795, 5210, 2853, 664
77.699387, 833, 2799, 5221, 2853, 666
77.799385, 835, 2806, 5237, 2857, 667
77.899384, 835, 2812, 5249, 2861, 666
77.999382, 835, 2817, 5256, 2863, 667
78.099380, 838, 2822, 5263, 2869, 670
78.199379, 841, 2828, 5275, 2876, 671
78.299377, 842, 2834, 5280, 2883, 672
78.399376, 844, 2838, 5293, 2886, 674
78.499374, 849, 2845, 5300, 2891, 673
78.599373, 849, 2848, 5312, 2894, 674
78.699371, 852, 2858, 5322, 2903, 674
78.799370, 854, 2863, 5334, 2906, 674
78.899368, 855, 2863, 5344, 2908, 675
78.999367, 856, 2870, 5355, 2916, 676
79.099365, 858, 2869, 5365, 2918, 676
79.199364, 864, 2876, 5372, 2923, 676
79.299362, 866, 2882, 5381, 2926, 679
79.399361, 869, 2884, 5394, 2928, 681
79.499359, 869, 2889, 5405, 2931, 682
79.599358, 870, 2889, 5415, 2931, 682
79.699356, 871, 2894, 5424, 2933, 682
79.799355, 872, 2897, 5434, 2935, 683
79.899353, 873, 2904, 5444, 2940, 688
79.999352, 875, 2907, 5453, 2944, 687
80.099350, 876, 2909, 5460, 2946, 687
80.199348, 878, 2912, 5470, 2953, 688
80.299347, 880, 2917, 5480, 2956, 689
80.399345, 882, 2922, 5483, 2960, 690
80.499344, 884, 2924, 5497, 2956, 689
80.599342, 885, 2925, 5505, 2958, 690
80.699341, 887, 2928, 5518, 2960, 691
80.799339, 890, 2932, 5527, 2968, 692
80.899338, 893, 2934, 5540, 2970, 692
80.999336, 893, 2937, 5551, 2976, 693
81.099335, 895, 2941, 5561, 2980, 693
81.199333, 896, 2942, 5570, 2981, 695
81.299332, 899, 2945, 5585, 2984, 696
81.399330, 900, 2948, 5594, 2986, 697
81.499329, 902, 2951, 5602, 2987, 698
81.599327, 903, 2950, 5610, 2986, 700
81.699326, 905, 2952, 5619, 2994, 700
81.799324, 905, 2956, 5630, 2999, 701
81.899323, 905, 2960, 5641, 3004, 701
81.999321, 907, 2961, 5657, 3005, 700
82.099319, 908, 2963, 5665, 3007, 700
82.199318, 909, 2968, 5673, 3010, 699
82.299316, 911, 2973, 5686, 3015, 701
82.399315, 913, 2977, 5694, 3020, 701
82.499313, 915, 2981, 5701, 3024, 703
82.599312, 915, 2982, 5711, 3024, 703
82.699310, 917, 2984, 5723, 3024, 705
82.799309, 918, 2986, 5736, 3029, 707
82.899307, 919, 2988, 5743, 3030, 706
82.999306, 919, 2990, 5753, 3037, 706
83.099304, 924, 2992, 5767, 3039, 706
83.199303, 925, 2996, 5779, 3043, 706
83.299301, 926, 2993, 5786, 3044, 707
83.399300, 927, 2994, 5798, 3042, 707
83.499298, 928, 2996, 5807, 3044, 707
83.599297, 929, 2995, 5813, 3046, 708
83.699295, 930, 2998, 5820, 3048, 711
83.799294, 932, 3006, 5829, 3051, 709
83.899292, 934, 3009, 5837, 3054, 708
83.999290, 935, 3010, 5850, 3056, 707
84.099289, 936, 3017, 5855, 3062, 708
84.199287, 937, 3019, 5864, 3067, 707
84.299286, 937, 3025, 5873, 3071, 706
84.399284, 938, 3028, 5881, 3070, 707
84.499283, 940, 3032, 5892, 3073, 708
