time,yellow_output,green_output,phlf,qacr,iptg,atc,f_phlf,f_qacr,f_iptg,f_atc,total
0.000000, 0, 0, 0, 0, 0, 0, 0, 0
0.100000, 0, 0, 0, 0, 0, 0, 0, 0
0.200000, 0, 0, 0, 0, 0, 0, 0, 0
0.300000, 0, 0, 0, 0, 0, 0, 0, 0
0.400000, 0, 0, 0, 0, 0, 0, 0, 0
0.500000, 0, 0, 0, 0, 0, 0, 0, 0
0.600000, 0, 0, 0, 0, 0, 0, 0, 0
0.700000, 0, 0, 0, 0, 0, 0, 0, 0
0.800000, 0, 0, 0, 0, 0, 0, 0, 0
0.900000, 0, 0, 0, 0, 0, 0, 0, 0
1.000000, 0, 0, 0, 0, 0, 0, 0, 0
1.100000, 0, 0, 0, 0, 0, 0, 0, 0
1.200000, 0, 0, 0, 0, 0, 0, 0, 0
1.300000, 0, 0, 0, 0, 0, 0, 0, 0
1.400000, 0, 0, 0, 1, 0, 0, 0, 0
1.500000, 0, 0, 0, 1, 0, 0, 0, 0
1.600000, 0, 0, 0, 1, 0, 0, 0, 0
1.700000, 0, 0, 0, 2, 0, 0, 0, 0
1.800000, 0, 0, 0, 2, 0, 0, 0, 0
1.900000, 0, 0, 0, 5, 0, 0, 0, 0
2.000000, 0, 0, 0, 5, 0, 0, 0, 0
2.100000, 0, 0, 0, 7, 0, 0, 0, 0
2.200000, 0, 0, 0, 12, 0, 0, 0, 0
2.300000, 0, 0, 0, 16, 0, 0, 0, 0
2.400000, 0, 0, 0, 18, 0, 0, 0, 0
2.500000, 0, 0, 0, 22, 0, 0, 0, 0
2.600000, 0, 0, 0, 28, 0, 0, 0, 0
2.700000, 0, 0, 0, 36, 0, 0, 0, 0
2.799999, 0, 0, 0, 41, 0, 0, 0, 0
2.899999, 0, 0, 0, 55, 0, 0, 0, 0
2.999999, 0, 0, 0, 66, 0, 0, 0, 0
3.099999, 0, 0, 0, 85, 0, 0, 0, 0
3.199999, 0, 0, 0, 110, 0, 0, 0, 0
3.299999, 0, 0, 0, 138, 0, 0, 0, 0
3.399999, 0, 0, 0, 170, 0, 0, 0, 0
3.499999, 0, 0, 0, 196, 0, 0, 0, 0
3.599999, 0, 0, 0, 226, 0, 0, 0, 0
3.699999, 0, 0, 0, 272, 0, 0, 0, 0
3.799999, 0, 0, 0, 327, 0, 0, 0, 0
3.899998, 0, 0, 0, 395, 0, 0, 0, 0
3.999998, 0, 0, 0, 461, 0, 0, 0, 0
4.099998, 0, 0, 0, 522, 0, 0, 0, 0
4.199998, 0, 0, 0, 599, 0, 0, 0, 0
4.299998, 0, 0, 0, 702, 0, 0, 0, 0
4.399998, 0, 0, 0, 791, 0, 0, 0, 0
4.499998, 0, 0, 0, 873, 0, 0, 0, 0
4.599998, 0, 0, 0, 980, 0, 1, 0, 0
4.699998, 0, 0, 0, 1081, 0, 2, 0, 0
4.799998, 0, 0, 0, 1192, 0, 2, 0, 0
4.899998, 0, 0, 0, 1300, 0, 2, 0, 0
4.999998, 0, 0, 0, 1420, 0, 3, 0, 0
5.099998, 0, 0, 0, 1530, 1, 3, 0, 0
5.199997, 0, 0, 0, 1629, 1, 3, 0, 0
5.299997, 0, 0, 0, 1734, 1, 3, 0, 0
5.399997, 0, 0, 0, 1821, 1, 3, 0, 0
5.499997, 0, 0, 0, 1918, 1, 4, 0, 0
5.599997, 0, 0, 0, 1999, 1, 4, 0, 0
5.699997, 0, 0, 0, 2083, 1, 5, 0, 0
5.799997, 0, 0, 0, 2168, 2, 7, 0, 0
5.899997, 0, 0, 0, 2249, 4, 7, 0, 0
5.999997, 0, 0, 0, 2321, 5, 7, 0, 0
6.099997, 0, 0, 0, 2381, 7, 7, 0, 0
6.199996, 0, 0, 0, 2429, 8, 8, 0, 0
6.299996, 0, 0, 0, 2472, 12, 9, 0, 0
6.399996, 0, 0, 0, 2499, 15, 11, 0, 0
6.499996, 0, 0, 0, 2525, 17, 12, 0, 0
6.599996, 0, 0, 0, 2547, 18, 15, 0, 0
6.699996, 0, 0, 0, 2562, 20, 17, 0, 0
6.799996, 0, 0, 0, 2578, 27, 19, 0, 0
6.899996, 0, 0, 0, 2592, 29, 24, 0, 0
6.999996, 0, 0, 0, 2605, 34, 25, 0, 0
7.099996, 0, 0, 0, 2615, 37, 29, 0, 0
7.199996, 0, 0, 0, 2623, 41, 36, 0, 0
7.299995, 0, 0, 0, 2622, 45, 39, 0, 0
7.399995, 0, 0, 0, 2623, 49, 48, 0, 0
7.499995, 0, 0, 0, 2625, 55, 55, 0, 0
7.599995, 0, 0, 0, 2628, 62, 61, 0, 0
7.699995, 0, 0, 0, 2629, 68, 66, 0, 0
7.799995, 0, 0, 0, 2628, 74, 73, 0, 0
7.899995, 0, 0, 0, 2626, 82, 82, 0, 0
7.999995, 0, 0, 0, 2626, 87, 89, 0, 0
8.099995, 0, 0, 0, 2625, 94, 96, 0, 0
8.199995, 0, 0, 0, 2623, 102, 103, 0, 0
8.299995, 0, 0, 0, 2623, 106, 111, 0, 0
8.399996, 0, 0, 0, 2619, 115, 111, 0, 0
8.499996, 0, 0, 0, 2617, 122, 117, 0, 0
8.599997, 0, 0, 0, 2616, 132, 121, 0, 0
8.699997, 0, 0, 0, 2612, 138, 125, 0, 0
8.799997, 0, 0, 0, 2610, 141, 131, 0, 0
8.899998, 0, 0, 0, 2604, 151, 139, 0, 0
8.999998, 0, 0, 0, 2600, 162, 148, 0, 0
9.099998, 0, 0, 0, 2596, 170, 154, 0, 0
9.199999, 0, 0, 0, 2588, 174, 160, 0, 0
9.299999, 0, 0, 0, 2581, 178, 163, 0, 0
9.400000, 0, 0, 0, 2577, 188, 175, 0, 0
9.500000, 0, 0, 0, 2574, 195, 180, 0, 0
9.600000, 0, 0, 0, 2572, 202, 183, 0, 0
9.700001, 0, 0, 0, 2568, 210, 191, 0, 0
9.800001, 0, 0, 0, 2561, 218, 198, 0, 0
9.900002, 0, 0, 0, 2561, 222, 206, 0, 0
10.000002, 0, 0, 0, 2560, 229, 213, 0, 0
10.100002, 0, 0, 0, 2555, 238, 221, 0, 0
10.200003, 0, 0, 0, 2552, 241, 230, 0, 0
10.300003, 0, 0, 0, 2544, 245, 236, 0, 0
10.400003, 0, 0, 0, 2540, 251, 242, 0, 0
10.500004, 0, 0, 0, 2534, 254, 249, 0, 0
10.600004, 0, 0, 0, 2527, 258, 254, 0, 0
10.700005, 0, 0, 0, 2524, 262, 257, 0, 0
10.800005, 0, 0, 0, 2517, 269, 262, 0, 0
10.900005, 0, 0, 0, 2511, 275, 265, 0, 0
11.000006, 0, 0, 0, 2503, 282, 272, 0, 0
11.100006, 0, 0, 0, 2496, 288, 277, 0, 0
11.200006, 0, 0, 0, 2493, 299, 280, 0, 0
11.300007, 0, 0, 0, 2491, 302, 286, 0, 0
11.400007, 0, 0, 0, 2483, 308, 291, 0, 0
11.500008, 0, 0, 0, 2482, 315, 298, 0, 0
11.600008, 0, 0, 0, 2477, 317, 305, 0, 0
11.700008, 0, 0, 0, 2473, 320, 313, 0, 0
11.800009, 0, 0, 0, 2471, 324, 315, 0, 0
11.900009, 0, 0, 0, 2470, 327, 318, 0, 0
12.000010, 0, 0, 0, 2467, 332, 328, 0, 0
12.100010, 0, 0, 0, 2465, 334, 333, 0, 0
12.200010, 0, 0, 0, 2460, 347, 340, 0, 0
12.300011, 0, 0, 0, 2455, 354, 347, 0, 0
12.400011, 0, 0, 0, 2451, 359, 354, 0, 0
12.500011, 0, 0, 0, 2447, 364, 358, 0, 0
12.600012, 0, 0, 0, 2444, 371, 360, 0, 0
12.700012, 0, 0, 0, 2435, 372, 364, 0, 0
12.800013, 0, 0, 0, 2433, 377, 369, 0, 0
12.900013, 0, 0, 0, 2429, 380, 372, 0, 0
13.000013, 0, 0, 0, 2426, 386, 377, 0, 0
13.100014, 0, 0, 0, 2422, 394, 381, 0, 0
13.200014, 0, 0, 0, 2419, 397, 383, 0, 0
13.300014, 0, 0, 0, 2411, 401, 388, 0, 0
13.400015, 0, 0, 0, 2411, 402, 391, 0, 0
13.500015, 0, 0, 0, 2406, 406, 396, 0, 0
13.600016, 0, 0, 0, 2405, 409, 401, 0, 0
13.700016, 0, 0, 0, 2401, 416, 404, 0, 0
13.800016, 0, 0, 0, 2391, 421, 409, 0, 0
13.900017, 0, 0, 0, 2389, 428, 415, 0, 0
14.000017, 0, 0, 0, 2388, 432, 419, 0, 0
14.100018, 0, 0, 0, 2385, 437, 425, 0, 0
14.200018, 0, 0, 0, 2380, 440, 428, 0, 0
14.300018, 0, 0, 0, 2375, 443, 434, 0, 0
14.400019, 0, 0, 0, 2369, 451, 436, 0, 0
14.500019, 0, 0, 0, 2365, 458, 439, 0, 0
14.600019, 1, 0, 0, 2359, 461, 442, 0, 0
14.700020, 1, 0, 0, 2355, 466, 450, 0, 0
14.800020, 1, 0, 0, 2352, 471, 453, 0, 0
14.900021, 1, 0, 0, 2348, 474, 454, 0, 0
15.000021, 1, 0, 0, 2343, 477, 458, 0, 0
15.100021, 1, 0, 0, 2339, 482, 461, 0, 0
15.200022, 1, 0, 0, 2336, 487, 467, 0, 0
15.300022, 1, 0, 0, 2332, 490, 472, 0, 0
15.400023, 1, 0, 0, 2331, 493, 476, 0, 0
15.500023, 1, 0, 0, 2325, 494, 481, 0, 0
15.600023, 1, 0, 0, 2321, 496, 483, 0, 0
15.700024, 1, 0, 0, 2315, 499, 486, 0, 0
15.800024, 3, 0, 0, 2309, 506, 493, 0, 0
15.900024, 4, 0, 0, 2307, 512, 498, 0, 0
16.000025, 4, 0, 0, 2301, 514, 500, 0, 0
16.100025, 6, 0, 0, 2298, 515, 503, 0, 0
16.200026, 6, 0, 0, 2295, 519, 508, 0, 0
16.300026, 6, 0, 0, 2291, 523, 517, 0, 0
16.400026, 7, 0, 0, 2285, 527, 519, 0, 0
16.500027, 9, 0, 0, 2282, 530, 523, 0, 0
16.600027, 10, 0, 0, 2279, 535, 530, 0, 0
16.700027, 10, 0, 0, 2274, 539, 534, 0, 0
16.800028, 10, 0, 0, 2269, 542, 536, 0, 0
16.900028, 11, 0, 0, 2268, 547, 540, 0, 0
17.000029, 13, 0, 0, 2264, 553, 543, 0, 0
17.100029, 13, 0, 0, 2261, 555, 549, 0, 0
17.200029, 14, 0, 0, 2259, 562, 551, 0, 0
17.300030, 15, 0, 0, 2256, 567, 557, 0, 0
17.400030, 15, 0, 0, 2249, 571, 560, 0, 0
17.500031, 15, 0, 0, 2240, 577, 567, 0, 0
17.600031, 18, 0, 0, 2236, 578, 573, 0, 0
17.700031, 19, 0, 0, 2234, 583, 579, 0, 0
17.800032, 19, 0, 0, 2230, 583, 583, 0, 0
17.900032, 19, 0, 0, 2229, 586, 584, 0, 0
18.000032, 19, 0, 0, 2225, 589, 585, 0, 0
18.100033, 21, 0, 0, 2223, 591, 590, 0, 0
18.200033, 23, 0, 0, 2220, 594, 592, 0, 0
18.300034, 23, 0, 0, 2215, 595, 596, 0, 0
18.400034, 23, 0, 0, 2210, 600, 602, 0, 0
18.500034, 23, 0, 0, 2209, 604, 604, 0, 0
18.600035, 25, 0, 0, 2205, 608, 607, 0, 0
18.700035, 26, 0, 0, 2203, 613, 612, 0, 0
18.800035, 27, 0, 0, 2200, 618, 618, 0, 0
18.900036, 27, 0, 0, 2196, 622, 623, 0, 0
19.000036, 27, 0, 0, 2194, 629, 625, 0, 0
19.100037, 27, 0, 0, 2190, 633, 633, 0, 0
19.200037, 27, 0, 0, 2187, 640, 636, 0, 0
19.300037, 28, 0, 0, 2184, 646, 640, 0, 0
19.400038, 32, 0, 0, 2182, 649, 642, 0, 0
19.500038, 33, 0, 0, 2179, 650, 645, 0, 0
19.600039, 34, 0, 0, 2174, 652, 646, 0, 0
19.700039, 34, 0, 0, 2170, 660, 648, 0, 0
19.800039, 35, 0, 0, 2165, 662, 650, 0, 0
19.900040, 35, 0, 0, 2162, 665, 651, 0, 0
20.000040, 35, 0, 0, 2161, 669, 651, 0, 0
20.100040, 35, 0, 0, 2159, 671, 653, 0, 0
20.200041, 36, 0, 0, 2152, 674, 657, 0, 0
20.300041, 36, 0, 0, 2149, 678, 664, 0, 0
20.400042, 38, 0, 0, 2144, 681, 667, 0, 0
20.500042, 38, 0, 0, 2147, 684, 671, 0, 0
20.600042, 38, 0, 0, 2150, 688, 675, 0, 0
20.700043, 40, 0, 0, 2149, 693, 677, 0, 0
20.800043, 40, 0, 0, 2150, 698, 682, 0, 0
20.900043, 42, 0, 0, 2150, 700, 686, 0, 0
21.000044, 43, 0, 0, 2148, 700, 688, 0, 0
21.100044, 46, 0, 0, 2147, 704, 692, 0, 0
21.200045, 48, 0, 0, 2149, 707, 698, 0, 0
21.300045, 51, 0, 0, 2151, 714, 705, 0, 0
21.400045, 51, 0, 0, 2152, 717, 711, 0, 0
21.500046, 52, 0, 0, 2150, 721, 718, 0, 0
21.600046, 52, 0, 0, 2151, 723, 723, 0, 0
21.700047, 52, 0, 0, 2146, 724, 728, 0, 0
21.800047, 52, 0, 0, 2150, 730, 730, 0, 0
21.900047, 53, 0, 0, 2152, 736, 735, 0, 0
22.000048, 54, 0, 0, 2151, 739, 742, 0, 0
22.100048, 56, 0, 0, 2152, 743, 745, 0, 0
22.200048, 57, 0, 0, 2153, 745, 750, 0, 0
22.300049, 59, 0, 0, 2158, 748, 755, 0, 0
22.400049, 61, 0, 0, 2156, 752, 757, 0, 0
22.500050, 62, 0, 0, 2159, 759, 763, 0, 0
22.600050, 63, 0, 0, 2161, 764, 771, 0, 0
22.700050, 63, 0, 0, 2166, 768, 780, 0, 0
22.800051, 63, 0, 0, 2165, 769, 785, 0, 0
22.900051, 63, 0, 0, 2171, 773, 787, 0, 0
23.000051, 64, 0, 0, 2177, 782, 793, 0, 0
23.100052, 65, 0, 0, 2182, 786, 801, 0, 0
23.200052, 66, 0, 0, 2184, 793, 807, 0, 0
23.300053, 68, 0, 0, 2185, 803, 810, 0, 0
23.400053, 70, 0, 0, 2189, 812, 818, 0, 0
23.500053, 70, 0, 0, 2193, 820, 822, 0, 0
23.600054, 70, 0, 0, 2199, 825, 831, 0, 0
23.700054, 72, 0, 0, 2206, 826, 836, 0, 0
23.800055, 75, 0, 0, 2208, 830, 843, 0, 0
23.900055, 77, 0, 0, 2212, 838, 847, 0, 0
24.000055, 79, 0, 0, 2221, 845, 854, 0, 0
24.100056, 79, 0, 0, 2225, 851, 859, 0, 0
24.200056, 79, 0, 0, 2239, 854, 870, 0, 0
24.300056, 80, 0, 0, 2240, 861, 871, 0, 0
24.400057, 83, 0, 0, 2244, 864, 875, 0, 0
24.500057, 83, 0, 0, 2246, 868, 884, 0, 0
24.600058, 86, 0, 0, 2251, 872, 893, 0, 0
24.700058, 87, 0, 0, 2256, 878, 899, 0, 0
24.800058, 88, 0, 0, 2263, 884, 906, 0, 0
24.900059, 88, 0, 0, 2267, 888, 910, 0, 0
25.000059, 89, 0, 0, 2267, 893, 915, 0, 0
25.100060, 89, 0, 0, 2276, 897, 920, 0, 0
25.200060, 89, 0, 0, 2281, 903, 929, 0, 0
25.300060, 92, 0, 0, 2287, 908, 937, 0, 0
25.400061, 94, 0, 0, 2291, 915, 941, 0, 0
25.500061, 96, 0, 0, 2298, 922, 946, 0, 0
25.600061, 96, 0, 0, 2303, 925, 950, 0, 0
25.700062, 98, 0, 0, 2306, 929, 958, 0, 0
25.800062, 104, 0, 0, 2312, 935, 965, 0, 0
25.900063, 104, 0, 0, 2316, 937, 972, 0, 0
26.000063, 104, 0, 0, 2325, 944, 979, 0, 0
26.100063, 105, 0, 0, 2327, 949, 982, 0, 0
26.200064, 109, 0, 0, 2331, 956, 983, 0, 0
26.300064, 109, 0, 0, 2336, 958, 987, 0, 0
26.400064, 109, 0, 0, 2341, 961, 994, 0, 0
26.500065, 111, 0, 0, 2345, 969, 1000, 0, 0
26.600065, 112, 0, 0, 2344, 973, 1005, 0, 0
26.700066, 112, 0, 0, 2351, 985, 1016, 0, 0
26.800066, 112, 0, 0, 2357, 989, 1025, 0, 0
26.900066, 114, 0, 0, 2357, 991, 1029, 0, 0
27.000067, 116, 0, 0, 2366, 1005, 1037, 0, 0
27.100067, 119, 0, 0, 2368, 1007, 1043, 0, 0
27.200068, 120, 0, 0, 2380, 1012, 1052, 0, 0
27.300068, 123, 0, 0, 2384, 1013, 1058, 0, 0
27.400068, 123, 0, 0, 2387, 1016, 1063, 0, 0
27.500069, 125, 0, 0, 2391, 1021, 1068, 0, 0
27.600069, 126, 0, 0, 2394, 1028, 1075, 0, 0
27.700069, 126, 0, 0, 2396, 1033, 1079, 0, 0
27.800070, 127, 0, 0, 2401, 1038, 1082, 0, 0
27.900070, 130, 0, 0, 2403, 1049, 1089, 0, 0
28.000071, 132, 0, 0, 2403, 1057, 1091, 0, 0
28.100071, 134, 0, 0, 2407, 1061, 1094, 0, 0
28.200071, 134, 0, 0, 2409, 1066, 1097, 0, 0
28.300072, 136, 0, 0, 2414, 1070, 1102, 0, 0
28.400072, 136, 0, 0, 2419, 1079, 1106, 0, 0
28.500072, 137, 0, 0, 2422, 1087, 1111, 0, 0
28.600073, 137, 0, 0, 2423, 1091, 1118, 0, 0
28.700073, 138, 0, 0, 2427, 1102, 1123, 0, 0
28.800074, 142, 0, 0, 2424, 1108, 1126, 0, 0
28.900074, 145, 0, 0, 2433, 1116, 1136, 0, 0
29.000074, 145, 0, 0, 2438, 1120, 1143, 0, 0
29.100075, 145, 0, 0, 2442, 1123, 1152, 0, 0
29.200075, 149, 0, 0, 2445, 1130, 1163, 0, 0
29.300076, 149, 0, 0, 2445, 1135, 1165, 0, 0
29.400076, 152, 0, 0, 2447, 1143, 1173, 0, 0
29.500076, 153, 0, 0, 2448, 1149, 1177, 0, 0
29.600077, 154, 0, 0, 2459, 1160, 1184, 0, 0
29.700077, 154, 0, 0, 2462, 1163, 1190, 0, 0
29.800077, 156, 0, 0, 2468, 1170, 1197, 0, 0
29.900078, 157, 0, 0, 2472, 1176, 1201, 0, 0
30.000078, 157, 0, 0, 2473, 1184, 1208, 0, 0
30.100079, 158, 0, 0, 2479, 1188, 1211, 0, 0
30.200079, 163, 0, 0, 2484, 1195, 1215, 0, 0
30.300079, 165, 0, 0, 2488, 1203, 1221, 0, 0
30.400080, 167, 0, 0, 2493, 1211, 1222, 0, 0
30.500080, 169, 0, 0, 2497, 1216, 1228, 0, 0
30.600080, 171, 0, 0, 2499, 1224, 1233, 0, 0
30.700081, 171, 0, 0, 2506, 1230, 1234, 0, 0
30.800081, 172, 0, 0, 2509, 1233, 1240, 0, 0
30.900082, 174, 0, 0, 2516, 1241, 1249, 0, 0
31.000082, 176, 0, 0, 2521, 1242, 1252, 0, 0
31.100082, 177, 0, 0, 2524, 1247, 1258, 0, 0
31.200083, 177, 0, 0, 2529, 1253, 1266, 0, 0
31.300083, 181, 0, 0, 2536, 1264, 1278, 0, 0
31.400084, 182, 0, 0, 2545, 1275, 1287, 0, 0
31.500084, 182, 0, 0, 2550, 1279, 1298, 0, 0
31.600084, 183, 0, 0, 2549, 1282, 1303, 0, 0
31.700085, 184, 0, 0, 2552, 1289, 1305, 0, 0
31.800085, 186, 0, 0, 2558, 1293, 1309, 0, 0
31.900085, 187, 0, 0, 2559, 1297, 1317, 0, 0
32.000084, 189, 0, 0, 2563, 1301, 1323, 0, 0
32.100082, 190, 0, 0, 2566, 1310, 1330, 0, 0
32.200081, 191, 0, 0, 2571, 1315, 1337, 0, 0
32.300079, 195, 0, 0, 2571, 1321, 1340, 0, 0
32.400078, 195, 0, 0, 2576, 1325, 1343, 0, 0
32.500076, 197, 0, 0, 2574, 1330, 1350, 0, 0
32.600075, 197, 0, 0, 2576, 1334, 1353, 0, 0
32.700073, 197, 0, 0, 2579, 1340, 1359, 0, 0
32.800072, 200, 0, 0, 2587, 1346, 1369, 0, 0
32.900070, 203, 0, 0, 2588, 1356, 1374, 0, 0
33.000069, 203, 0, 0, 2588, 1362, 1376, 0, 0
33.100067, 206, 0, 0, 2593, 1372, 1379, 0, 0
33.200066, 206, 0, 0, 2599, 1380, 1382, 0, 0
33.300064, 208, 0, 0, 2599, 1385, 1387, 0, 0
33.400063, 212, 0, 0, 2600, 1391, 1393, 0, 0
33.500061, 218, 0, 0, 2605, 1396, 1400, 0, 0
33.600060, 219, 0, 0, 2609, 1402, 1408, 0, 0
33.700058, 220, 0, 0, 2611, 1409, 1413, 0, 0
33.800056, 220, 0, 0, 2613, 1413, 1417, 0, 0
33.900055, 221, 0, 0, 2609, 1417, 1422, 0, 0
34.000053, 225, 0, 0, 2615, 1424, 1426, 0, 0
34.100052, 225, 0, 0, 2625, 1432, 1436, 0, 0
34.200050, 226, 0, 0, 2633, 1438, 1441, 0, 0
34.300049, 229, 0, 0, 2641, 1446, 1451, 0, 0
34.400047, 229, 0, 0, 2642, 1452, 1456, 0, 0
34.500046, 233, 0, 0, 2645, 1461, 1461, 0, 0
34.600044, 234, 0, 0, 2648, 1465, 1469, 0, 0
34.700043, 234, 0, 0, 2649, 1469, 1471, 0, 0
34.800041, 234, 0, 0, 2652, 1479, 1478, 0, 0
34.900040, 236, 0, 0, 2654, 1480, 1483, 0, 0
35.000038, 236, 0, 0, 2657, 1484, 1490, 0, 0
35.100037, 240, 0, 0, 2661, 1495, 1494, 0, 0
35.200035, 240, 0, 0, 2668, 1502, 1497, 0, 0
35.300034, 240, 0, 0, 2673, 1505, 1499, 0, 0
35.400032, 241, 0, 0, 2676, 1512, 1509, 0, 0
35.500031, 246, 0, 0, 2680, 1518, 1513, 0, 0
35.600029, 246, 0, 0, 2684, 1527, 1519, 0, 0
35.700027, 248, 0, 0, 2683, 1530, 1522, 0, 0
35.800026, 249, 0, 0, 2692, 1534, 1525, 0, 0
35.900024, 253, 0, 0, 2694, 1541, 1533, 0, 0
36.000023, 256, 0, 0, 2695, 1547, 1537, 0, 0
36.100021, 258, 0, 0, 2700, 1553, 1542, 0, 0
36.200020, 260, 0, 0, 2707, 1554, 1551, 0, 0
36.300018, 261, 0, 0, 2708, 1562, 1556, 0, 0
36.400017, 263, 0, 0, 2708, 1569, 1561, 0, 1
36.500015, 263, 0, 0, 2713, 1577, 1568, 0, 2
36.600014, 264, 0, 0, 2722, 1581, 1574, 0, 2
36.700012, 264, 0, 0, 2725, 1581, 1579, 0, 2
36.800011, 265, 0, 0, 2724, 1587, 1586, 0, 2
36.900009, 265, 0, 0, 2725, 1591, 1593, 0, 2
37.000008, 268, 0, 0, 2725, 1597, 1596, 0, 2
37.100006, 268, 0, 0, 2729, 1601, 1601, 0, 2
37.200005, 270, 0, 0, 2730, 1603, 1602, 0, 2
37.300003, 271, 0, 0, 2735, 1604, 1612, 0, 2
37.400002, 271, 0, 0, 2736, 1611, 1617, 0, 2
37.500000, 272, 0, 0, 2741, 1615, 1623, 0, 2
37.599998, 277, 0, 0, 2743, 1617, 1629, 0, 3
37.699997, 282, 0, 0, 2744, 1626, 1638, 0, 3
37.799995, 287, 0, 0, 2751, 1633, 1642, 0, 3
37.899994, 287, 0, 0, 2751, 1637, 1642, 0, 3
37.999992, 292, 0, 0, 2757, 1646, 1649, 0, 3
38.099991, 296, 0, 0, 2763, 1649, 1657, 0, 3
38.199989, 296, 0, 0, 2768, 1656, 1662, 0, 3
38.299988, 297, 0, 0, 2769, 1659, 1664, 0, 3
38.399986, 298, 0, 0, 2775, 1665, 1667, 0, 3
38.499985, 298, 0, 0, 2780, 1669, 1670, 0, 3
38.599983, 298, 0, 0, 2786, 1676, 1677, 0, 3
38.699982, 298, 0, 0, 2788, 1680, 1680, 0, 4
38.799980, 298, 0, 0, 2792, 1685, 1691, 0, 8
38.899979, 301, 0, 0, 2790, 1690, 1695, 0, 9
38.999977, 302, 0, 0, 2790, 1694, 1702, 0, 9
39.099976, 302, 0, 0, 2788, 1701, 1709, 0, 9
39.199974, 305, 0, 0, 2791, 1707, 1713, 0, 9
39.299973, 305, 0, 0, 2796, 1712, 1719, 0, 11
39.399971, 308, 0, 0, 2804, 1718, 1723, 0, 11
39.499969, 308, 0, 0, 2805, 1725, 1724, 0, 11
39.599968, 313, 0, 0, 2803, 1726, 1728, 0, 11
39.699966, 317, 0, 0, 2808, 1731, 1731, 0, 11
39.799965, 318, 0, 0, 2814, 1738, 1739, 0, 11
39.899963, 318, 0, 0, 2818, 1740, 1743, 0, 12
39.999962, 320, 0, 0, 2818, 1746, 1750, 0, 13
40.099960, 323, 0, 0, 2819, 1753, 1755, 0, 13
40.199959, 324, 0, 0, 2824, 1759, 1761, 0, 13
40.299957, 327, 0, 0, 2826, 1767, 1767, 0, 13
40.399956, 329, 0, 0, 2830, 1775, 1774, 0, 14
40.499954, 329, 0, 0, 2830, 1781, 1781, 0, 15
40.599953, 331, 0, 0, 2832, 1790, 1789, 0, 15
40.699951, 331, 0, 0, 2835, 1793, 1794, 0, 15
40.799950, 336, 0, 0, 2834, 1798, 1799, 0, 17
40.899948, 340, 0, 0, 2837, 1800, 1806, 0, 17
40.999947, 343, 0, 0, 2837, 1802, 1811, 0, 17
41.099945, 343, 0, 0, 2843, 1809, 1816, 0, 18
41.199944, 345, 0, 0, 2841, 1811, 1820, 0, 18
41.299942, 348, 0, 0, 2839, 1813, 1821, 0, 18
41.399940, 349, 0, 0, 2849, 1817, 1831, 0, 18
41.499939, 350, 0, 0, 2854, 1821, 1838, 0, 21
41.599937, 355, 0, 0, 2858, 1828, 1846, 0, 22
41.699936, 357, 0, 0, 2859, 1834, 1850, 0, 22
41.799934, 359, 0, 0, 2861, 1838, 1853, 0, 23
41.899933, 362, 0, 0, 2865, 1844, 1857, 0, 25
41.999931, 363, 0, 0, 2869, 1847, 1865, 0, 28
42.099930, 365, 0, 0, 2875, 1855, 1871, 0, 28
42.199928, 368, 0, 0, 2877, 1858, 1875, 0, 30
42.299927, 369, 0, 0, 2877, 1865, 1879, 0, 32
42.399925, 369, 0, 0, 2878, 1871, 1882, 0, 36
42.499924, 369, 0, 0, 2881, 1874, 1887, 0, 39
42.599922, 374, 0, 0, 2885, 1880, 1895, 0, 44
42.699921, 375, 0, 0, 2887, 1882, 1899, 0, 48
42.799919, 377, 0, 0, 2886, 1890, 1902, 0, 49
42.899918, 377, 0, 0, 2888, 1892, 1906, 0, 50
42.999916, 377, 0, 0, 2891, 1895, 1907, 0, 54
43.099915, 379, 0, 0, 2892, 1900, 1911, 0, 54
43.199913, 380, 0, 0, 2898, 1905, 1915, 0, 54
43.299911, 383, 0, 0, 2900, 1908, 1921, 0, 57
43.399910, 383, 0, 0, 2902, 1911, 1924, 0, 58
43.499908, 385, 0, 0, 2897, 1915, 1930, 0, 60
43.599907, 385, 0, 0, 2897, 1917, 1932, 0, 62
43.699905, 387, 0, 0, 2907, 1925, 1936, 0, 62
43.799904, 390, 0, 0, 2906, 1930, 1939, 0, 64
43.899902, 392, 0, 0, 2907, 1935, 1942, 0, 69
43.999901, 395, 0, 0, 2907, 1936, 1946, 0, 72
44.099899, 396, 0, 0, 2910, 1939, 1950, 0, 76
44.199898, 399, 0, 0, 2912, 1947, 1954, 0, 77
44.299896, 400, 0, 0, 2916, 1953, 1958, 0, 82
44.399895, 400, 0, 0, 2922, 1959, 1965, 0, 83
44.499893, 402, 0, 0, 2925, 1961, 1967, 0, 83
44.599892, 402, 0, 0, 2925, 1965, 1968, 0, 83
44.699890, 402, 0, 0, 2927, 1970, 1975, 0, 83
44.799889, 404, 1, 0, 2931, 1973, 1983, 0, 85
44.899887, 405, 1, 0, 2933, 1976, 1984, 0, 85
44.999886, 407, 1, 0, 2936, 1979, 1990, 0, 86
45.099884, 411, 1, 0, 2940, 1985, 1991, 0, 87
45.199883, 411, 1, 0, 2944, 1988, 1992, 0, 89
45.299881, 415, 1, 0, 2947, 1993, 1996, 0, 90
45.399879, 420, 1, 0, 2953, 1999, 2003, 0, 92
45.499878, 420, 1, 0, 2955, 2002, 2009, 0, 93
45.599876, 421, 1, 0, 2962, 2007, 2014, 0, 94
45.699875, 424, 1, 0, 2971, 2016, 2020, 0, 95
45.799873, 424, 2, 0, 2972, 2022, 2022, 0, 97
45.899872, 425, 2, 0, 2972, 2026, 2025, 0, 102
45.999870, 426, 2, 0, 2977, 2031, 2029, 0, 105
46.099869, 426, 2, 0, 2976, 2032, 2033, 0, 105
46.199867, 426, 2, 0, 2978, 2037, 2039, 0, 107
46.299866, 427, 2, 0, 2981, 2041, 2042, 0, 107
46.399864, 429, 2, 0, 2984, 2047, 2050, 0, 110
46.499863, 429, 2, 0, 2987, 2050, 2058, 0, 111
46.599861, 432, 2, 0, 2992, 2056, 2063, 0, 112
46.699860, 433, 3, 0, 2994, 2061, 2068, 0, 113
46.799858, 434, 3, 0, 3000, 2064, 2069, 0, 113
46.899857, 434, 3, 0, 3000, 2066, 2068, 0, 113
46.999855, 436, 3, 0, 3003, 2072, 2072, 0, 114
47.099854, 437, 3, 0, 3011, 2078, 2078, 0, 116
47.199852, 441, 3, 0, 3016, 2084, 2084, 0, 119
47.299850, 444, 3, 0, 3019, 2089, 2089, 0, 124
47.399849, 444, 3, 0, 3029, 2095, 2095, 0, 124
47.499847, 445, 3, 0, 3031, 2098, 2102, 0, 128
47.599846, 448, 3, 0, 3037, 2106, 2107, 0, 131
47.699844, 448, 3, 0, 3041, 2111, 2111, 0, 132
47.799843, 450, 3, 0, 3044, 2115, 2117, 0, 133
47.899841, 450, 3, 0, 3046, 2120, 2124, 0, 136
47.999840, 453, 3, 0, 3048, 2125, 2128, 0, 139
48.099838, 453, 3, 0, 3049, 2129, 2132, 0, 139
48.199837, 456, 3, 0, 3049, 2136, 2134, 0, 141
48.299835, 457, 5, 0, 3049, 2140, 2140, 0, 143
48.399834, 458, 5, 0, 3050, 2140, 2145, 0, 145
48.499832, 458, 6, 0, 3055, 2142, 2153, 0, 147
48.599831, 458, 7, 0, 3058, 2147, 2158, 0, 153
48.699829, 459, 7, 0, 3064, 2152, 2165, 0, 156
48.799828, 461, 8, 0, 3067, 2156, 2171, 0, 159
48.899826, 461, 9, 0, 3069, 2161, 2174, 0, 160
48.999825, 462, 9, 0, 3078, 2169, 2181, 0, 166
49.099823, 462, 9, 0, 3087, 2176, 2187, 0, 169
49.199821, 462, 9, 0, 3092, 2182, 2189, 0, 172
49.299820, 466, 10, 0, 3098, 2186, 2195, 0, 178
49.399818, 466, 10, 0, 3099, 2189, 2197, 0, 182
49.499817, 468, 10, 0, 3099, 2197, 2199, 0, 185
49.599815, 470, 11, 0, 3103, 2201, 2201, 0, 187
49.699814, 471, 13, 0, 3105, 2203, 2211, 0, 191
49.799812, 471, 13, 0, 3114, 2209, 2218, 0, 193
49.899811, 472, 13, 0, 3121, 2212, 2221, 0, 195
49.999809, 475, 14, 0, 3125, 2219, 2225, 0, 199
50.099808, 476, 15, 0, 3128, 2221, 2229, 0, 201
50.199806, 476, 15, 0, 3130, 2227, 2233, 0, 202
50.299805, 477, 15, 0, 3132, 2230, 2234, 0, 205
50.399803, 477, 16, 0, 3134, 2230, 2236, 0, 208
50.499802, 480, 20, 0, 3139, 2239, 2241, 0, 209
50.599800, 481, 22, 0, 3143, 2243, 2245, 0, 211
50.699799, 481, 22, 0, 3144, 2245, 2246, 0, 214
50.799797, 483, 23, 0, 3150, 2250, 2251, 0, 217
50.899796, 486, 25, 0, 3155, 2252, 2260, 0, 219
50.999794, 486, 25, 0, 3157, 2256, 2267, 0, 223
51.099792, 487, 28, 0, 3161, 2260, 2269, 0, 223
51.199791, 487, 28, 0, 3165, 2263, 2271, 0, 226
51.299789, 488, 30, 0, 3166, 2264, 2271, 0, 227
51.399788, 490, 32, 0, 3169, 2269, 2278, 0, 229
51.499786, 490, 33, 0, 3170, 2274, 2284, 0, 232
51.599785, 490, 35, 0, 3171, 2277, 2287, 0, 235
51.699783, 492, 37, 0, 3174, 2282, 2290, 0, 236
51.799782, 494, 39, 0, 3174, 2287, 2293, 0, 239
51.899780, 496, 44, 0, 3177, 2291, 2296, 0, 241
51.999779, 496, 44, 0, 3179, 2300, 2298, 0, 245
52.099777, 498, 46, 0, 3185, 2301, 2304, 0, 247
52.199776, 501, 48, 0, 3186, 2303, 2307, 0, 253
52.299774, 501, 49, 0, 3187, 2305, 2311, 0, 255
52.399773, 501, 49, 0, 3193, 2311, 2314, 0, 257
52.499771, 501, 50, 0, 3192, 2313, 2315, 0, 260
52.599770, 502, 50, 0, 3196, 2318, 2320, 0, 260
52.699768, 504, 53, 0, 3198, 2321, 2329, 0, 262
52.799767, 504, 54, 0, 3200, 2323, 2330, 0, 266
52.899765, 505, 55, 0, 3202, 2325, 2335, 0, 267
52.999763, 506, 56, 0, 3203, 2330, 2337, 0, 269
53.099762, 508, 57, 0, 3204, 2336, 2342, 0, 270
53.199760, 511, 57, 0, 3208, 2339, 2346, 0, 273
53.299759, 511, 57, 0, 3211, 2343, 2349, 0, 278
53.399757, 512, 59, 0, 3213, 2345, 2351, 0, 283
53.499756, 512, 61, 0, 3215, 2349, 2359, 0, 287
53.599754, 514, 62, 0, 3216, 2353, 2360, 0, 289
53.699753, 514, 64, 0, 3222, 2358, 2366, 0, 290
53.799751, 517, 67, 0, 3225, 2361, 2368, 0, 293
53.899750, 517, 69, 0, 3230, 2367, 2373, 0, 297
53.999748, 517, 69, 0, 3235, 2370, 2379, 0, 304
54.099747, 517, 72, 0, 3239, 2378, 2383, 0, 307
54.199745, 517, 75, 0, 3240, 2382, 2386, 0, 307
54.299744, 518, 75, 0, 3246, 2387, 2393, 0, 312
54.399742, 520, 76, 0, 3246, 2392, 2399, 0, 314
54.499741, 520, 78, 0, 3249, 2396, 2402, 0, 316
54.599739, 521, 83, 0, 3254, 2400, 2404, 0, 317
54.699738, 523, 83, 0, 3256, 2402, 2407, 0, 318
54.799736, 524, 84, 0, 3261, 2408, 2410, 0, 321
54.899734, 524, 86, 0, 3267, 2413, 2415, 0, 322
54.999733, 526, 89, 0, 3273, 2417, 2422, 0, 323
55.099731, 526, 91, 0, 3274, 2419, 2425, 0, 326
55.199730, 527, 95, 0, 3278, 2425, 2431, 0, 329
55.299728, 528, 96, 0, 3278, 2429, 2435, 0, 330
55.399727, 530, 96, 0, 3279, 2431, 2437, 0, 330
55.499725, 530, 97, 0, 3284, 2433, 2440, 0, 335
55.599724, 532, 101, 0, 3284, 2433, 2442, 0, 336
55.699722, 532, 104, 0, 3287, 2435, 2449, 0, 337
55.799721, 532, 106, 0, 3296, 2441, 2455, 0, 338
55.899719, 535, 108, 0, 3299, 2446, 2461, 0, 343
55.999718, 536, 111, 0, 3298, 2452, 2466, 0, 350
56.099716, 536, 112, 0, 3301, 2456, 2470, 0, 354
56.199715, 536, 113, 0, 3305, 2465, 2474, 0, 359
56.299713, 536, 114, 0, 3309, 2471, 2480, 0, 362
56.399712, 536, 119, 0, 3313, 2476, 2486, 0, 364
56.499710, 539, 120, 0, 3315, 2479, 2486, 0, 365
56.599709, 542, 122, 0, 3319, 2488, 2490, 0, 366
56.699707, 543, 124, 0, 3320, 2494, 2494, 0, 367
56.799706, 543, 125, 0, 3323, 2497, 2497, 0, 368
56.899704, 543, 128, 0, 3329, 2501, 2498, 0, 369
56.999702, 545, 129, 0, 3333, 2504, 2500, 0, 372
57.099701, 546, 130, 0, 3335, 2506, 2504, 0, 375
57.199699, 547, 133, 0, 3336, 2507, 2506, 0, 379
57.299698, 547, 137, 0, 3339, 2511, 2511, 0, 382
57.399696, 547, 138, 0, 3343, 2513, 2518, 0, 383
57.499695, 547, 141, 0, 3344, 2513, 2519, 0, 383
57.599693, 548, 145, 0, 3348, 2515, 2523, 0, 386
57.699692, 548, 145, 0, 3350, 2517, 2523, 0, 388
57.799690, 548, 145, 0, 3352, 2518, 2528, 0, 391
57.899689, 552, 152, 0, 3356, 2525, 2535, 0, 397
57.999687, 553, 156, 0, 3360, 2527, 2536, 0, 400
58.099686, 553, 156, 0, 3362, 2529, 2540, 0, 403
58.199684, 554, 158, 0, 3363, 2533, 2544, 0, 405
58.299683, 554, 160, 0, 3364, 2535, 2544, 0, 406
58.399681, 554, 160, 0, 3368, 2538, 2548, 0, 409
58.499680, 556, 162, 0, 3370, 2543, 2552, 0, 412
58.599678, 556, 168, 0, 3374, 2548, 2554, 0, 416
58.699677, 557, 170, 0, 3377, 2552, 2558, 0, 416
58.799675, 558, 175, 0, 3383, 2556, 2565, 0, 421
58.899673, 559, 179, 0, 3386, 2556, 2570, 0, 422
58.999672, 560, 179, 0, 3390, 2564, 2571, 0, 424
59.099670, 561, 182, 0, 3390, 2567, 2581, 0, 427
59.199669, 561, 187, 0, 3392, 2570, 2585, 0, 430
59.299667, 561, 195, 0, 3392, 2570, 2588, 0, 434
59.399666, 562, 200, 0, 3398, 2571, 2589, 0, 438
59.499664, 564, 203, 0, 3400, 2572, 2595, 0, 445
59.599663, 564, 204, 0, 3404, 2573, 2595, 0, 448
59.699661, 564, 206, 0, 3406, 2576, 2599, 0, 452
59.799660, 566, 211, 0, 3413, 2578, 2606, 0, 453
59.899658, 566, 212, 0, 3417, 2580, 2608, 0, 458
59.999657, 567, 213, 0, 3421, 2584, 2616, 0, 461
60.099655, 569, 213, 0, 3428, 2586, 2620, 0, 465
60.199654, 571, 214, 0, 3430, 2590, 2623, 0, 468
60.299652, 573, 217, 0, 3434, 2593, 2626, 0, 471
60.399651, 576, 219, 0, 3441, 2597, 2631, 0, 473
60.499649, 578, 220, 0, 3449, 2607, 2637, 0, 477
60.599648, 578, 221, 0, 3454, 2611, 2640, 0, 481
60.699646, 578, 226, 0, 3462, 2616, 2642, 0, 486
60.799644, 580, 228, 0, 3471, 2622, 2649, 0, 492
60.899643, 583, 230, 0, 3479, 2630, 2649, 0, 492
60.999641, 585, 234, 0, 3482, 2635, 2658, 0, 495
61.099640, 585, 239, 0, 3485, 2636, 2660, 0, 497
61.199638, 585, 239, 0, 3492, 2642, 2667, 0, 500
61.299637, 586, 241, 0, 3504, 2648, 2672, 0, 502
61.399635, 587, 242, 0, 3507, 2652, 2676, 0, 505
61.499634, 588, 245, 0, 3509, 2657, 2678, 0, 508
61.599632, 590, 249, 0, 3512, 2660, 2683, 0, 512
61.699631, 590, 256, 0, 3518, 2663, 2687, 0, 512
61.799629, 592, 258, 0, 3525, 2670, 2693, 0, 514
61.899628, 592, 260, 0, 3530, 2675, 2698, 0, 517
61.999626, 595, 269, 0, 3534, 2683, 2707, 0, 522
62.099625, 598, 269, 0, 3537, 2686, 2707, 0, 522
62.199623, 601, 273, 0, 3542, 2692, 2711, 0, 523
62.299622, 602, 276, 0, 3551, 2695, 2714, 0, 524
62.399620, 603, 280, 0, 3556, 2701, 2717, 0, 526
62.499619, 603, 283, 0, 3565, 2706, 2723, 0, 531
62.599617, 604, 285, 0, 3570, 2712, 2730, 0, 532
62.699615, 606, 289, 0, 3580, 2718, 2733, 0, 536
62.799614, 607, 290, 0, 3586, 2722, 2738, 0, 540
62.899612, 610, 295, 0, 3593, 2731, 2742, 0, 545
62.999611, 611, 298, 0, 3599, 2733, 2745, 0, 547
63.099609, 611, 301, 0, 3607, 2741, 2750, 0, 551
63.199608, 612, 304, 0, 3613, 2745, 2751, 0, 555
63.299606, 614, 304, 0, 3622, 2750, 2758, 0, 557
63.399605, 614, 306, 0, 3626, 2753, 2760, 0, 560
63.499603, 615, 310, 0, 3636, 2760, 2765, 0, 567
63.599602, 615, 311, 0, 3649, 2765, 2773, 0, 569
63.699600, 617, 311, 0, 3657, 2772, 2777, 0, 572
63.799599, 619, 314, 0, 3663, 2776, 2779, 0, 577
63.899597, 619, 318, 0, 3671, 2783, 2787, 0, 580
63.999596, 620, 328, 0, 3681, 2793, 2800, 0, 586
64.099594, 620, 331, 0, 3691, 2795, 2806, 0, 588
64.199593, 622, 337, 0, 3695, 2805, 2813, 0, 597
64.299591, 622, 339, 0, 3703, 2812, 2823, 0, 601
64.399590, 624, 340, 0, 3709, 2817, 2826, 0, 604
64.499588, 626, 343, 0, 3716, 2824, 2832, 0, 608
64.599586, 627, 344, 0, 3729, 2829, 2839, 0, 608
64.699585, 628, 352, 0, 3742, 2837, 2845, 0, 610
64.799583, 630, 356, 0, 3749, 2842, 2854, 0, 616
64.899582, 632, 357, 0, 3757, 2848, 2857, 0, 616
64.999580, 633, 363, 0, 3759, 2851, 2861, 0, 618
65.099579, 634, 364, 0, 3768, 2852, 2866, 0, 622
65.199577, 637, 366, 0, 3778, 2855, 2869, 0, 625
65.299576, 637, 369, 0, 3787, 2859, 2871, 0, 626
65.399574, 637, 371, 0, 3795, 2860, 2873, 0, 628
65.499573, 641, 379, 0, 3805, 2871, 2879, 0, 633
65.599571, 644, 381, 0, 3814, 2881, 2884, 0, 636
65.699570, 645, 383, 0, 3831, 2889, 2890, 0, 640
65.799568, 647, 387, 0, 3841, 2896, 2899, 0, 644
65.899567, 647, 390, 0, 3853, 2904, 2906, 0, 646
65.999565, 648, 393, 0, 3863, 2913, 2912, 0, 652
66.099564, 649, 396, 0, 3879, 2921, 2922, 0, 655
66.199562, 652, 398, 0, 3887, 2925, 2930, 0, 659
66.299561, 653, 399, 0, 3896, 2934, 2941, 0, 663
66.399559, 655, 403, 0, 3905, 2939, 2951, 0, 669
66.499557, 659, 408, 0, 3914, 2948, 2959, 0, 673
66.599556, 662, 412, 0, 3920, 2955, 2962, 0, 674
66.699554, 663, 424, 0, 3929, 2961, 2968, 0, 678
66.799553, 665, 425, 0, 3943, 2968, 2974, 0, 680
66.899551, 667, 429, 0, 3951, 2976, 2982, 0, 688
66.999550, 669, 435, 0, 3957, 2984, 2989, 0, 692
67.099548, 672, 440, 0, 3978, 2997, 3004, 0, 696
67.199547, 672, 445, 0, 3988, 3003, 3011, 0, 701
67.299545, 675, 448, 0, 3993, 3006, 3020, 0, 709
67.399544, 677, 454, 0, 4009, 3014, 3026, 0, 713
67.499542, 677, 457, 0, 4020, 3019, 3036, 0, 715
67.599541, 679, 462, 0, 4034, 3027, 3051, 0, 719
67.699539, 681, 465, 0, 4044, 3031, 3058, 0, 721
67.799538, 682, 469, 0, 4056, 3041, 3066, 0, 722
67.899536, 683, 474, 0, 4070, 3044, 3069, 0, 725
67.999535, 685, 477, 0, 4080, 3050, 3079, 0, 729
68.099533, 686, 480, 0, 4092, 3056, 3089, 0, 734
68.199532, 687, 483, 0, 4104, 3069, 3103, 0, 740
68.299530, 689, 488, 0, 4115, 3079, 3108, 0, 743
68.399529, 690, 492, 0, 4129, 3085, 3123, 0, 746
68.499527, 691, 492, 0, 4138, 3087, 3131, 0, 749
68.599525, 693, 495, 0, 4153, 3099, 3138, 0, 755
68.699524, 695, 497, 0, 4163, 3112, 3145, 0, 760
68.799522, 694, 505, 0, 4174, 3120, 3155, 0, 768
68.899521, 697, 507, 0, 4178, 3132, 3159, 0, 772
68.999519, 698, 511, 0, 4181, 3138, 3163, 0, 777
69.099518, 700, 516, 0, 4193, 3143, 3173, 0, 786
69.199516, 702, 522, 0, 4204, 3150, 3185, 0, 788
69.299515, 703, 524, 0, 4217, 3153, 3189, 0, 791
69.399513, 707, 529, 0, 4228, 3162, 3195, 0, 795
69.499512, 709, 531, 0, 4241, 3171, 3204, 0, 800
69.599510, 713, 535, 0, 4257, 3182, 3217, 0, 803
69.699509, 713, 540, 0, 4268, 3190, 3223, 0, 805
69.799507, 716, 542, 0, 4275, 3197, 3230, 0, 805
69.899506, 716, 545, 0, 4289, 3207, 3236, 0, 810
69.999504, 719, 550, 0, 4301, 3212, 3242, 0, 816
70.099503, 720, 553, 0, 4315, 3218, 3249, 0, 818
70.199501, 721, 558, 0, 4328, 3228, 3256, 0, 823
70.299500, 723, 565, 0, 4334, 3234, 3263, 0, 828
70.399498, 726, 566, 0, 4352, 3242, 3272, 0, 829
70.499496, 729, 570, 0, 4367, 3253, 3282, 0, 835
70.599495, 732, 572, 0, 4384, 3260, 3290, 0, 841
70.699493, 737, 573, 0, 4395, 3264, 3301, 0, 841
70.799492, 741, 576, 0, 4412, 3271, 3306, 0, 844
70.899490, 741, 583, 0, 4426, 3283, 3316, 0, 851
70.999489, 741, 588, 0, 4442, 3298, 3321, 0, 853
71.099487, 743, 590, 0, 4453, 3305, 3328, 0, 858
71.199486, 747, 595, 0, 4469, 3309, 3340, 0, 860
71.299484, 749, 598, 0, 4481, 3316, 3347, 0, 865
71.399483, 750, 602, 0, 4496, 3327, 3355, 0, 875
71.499481, 752, 606, 0, 4508, 3335, 3365, 0, 881
71.599480, 752, 608, 0, 4524, 3340, 3373, 0, 886
71.699478, 752, 613, 0, 4539, 3347, 3381, 0, 888
71.799477, 754, 619, 0, 4548, 3357, 3394, 0, 895
71.899475, 755, 630, 0, 4564, 3375, 3410, 0, 901
71.999474, 755, 633, 0, 4576, 3381, 3419, 0, 912
72.099472, 757, 638, 0, 4589, 3390, 3426, 0, 915
72.199471, 758, 644, 0, 4609, 3402, 3435, 0, 922
72.299469, 761, 649, 0, 4617, 3405, 3439, 0, 926
72.399467, 763, 655, 0, 4625, 3412, 3448, 0, 933
72.499466, 766, 657, 0, 4643, 3419, 3458, 0, 939
72.599464, 767, 661, 0, 4660, 3435, 3469, 0, 943
72.699463, 767, 663, 0, 4673, 3439, 3476, 0, 944
72.799461, 768, 670, 0, 4690, 3448, 3491, 0, 951
72.899460, 769, 674, 0, 4696, 3456, 3492, 0, 953
72.999458, 773, 676, 0, 4705, 3466, 3499, 0, 954
73.099457, 774, 677, 0, 4714, 3469, 3499, 0, 954
73.199455, 776, 680, 0, 4731, 3478, 3511, 0, 958
73.299454, 779, 688, 0, 4741, 3490, 3522, 0, 966
73.399452, 780, 697, 0, 4748, 3498, 3528, 0, 971
73.499451, 781, 701, 0, 4759, 3502, 3530, 0, 973
73.599449, 782, 703, 0, 4774, 3505, 3537, 0, 977
73.699448, 782, 707, 0, 4784, 3513, 3539, 0, 979
73.799446, 783, 711, 0, 4789, 3517, 3549, 0, 981
73.899445, 787, 719, 0, 4802, 3529, 3557, 0, 988
73.999443, 788, 729, 0, 4812, 3540, 3569, 0, 993
74.099442, 791, 736, 0, 4831, 3554, 3578, 0, 998
74.199440, 794, 743, 0, 4846, 3566, 3586, 0, 1001
74.299438, 794, 747, 0, 4855, 3570, 3589, 0, 1006
74.399437, 798, 751, 0, 4869, 3576, 3596, 0, 1007
74.499435, 803, 754, 0, 4880, 3585, 3606, 0, 1011
74.599434, 803, 760, 0, 4889, 3589, 3612, 0, 1012
74.699432, 804, 767, 0, 4906, 3601, 3618, 0, 1016
74.799431, 807, 772, 0, 4913, 3609, 3625, 0, 1020
74.899429, 809, 780, 0, 4921, 3620, 3631, 0, 1025
74.999428, 811, 787, 0, 4936, 3631, 3634, 0, 1030
75.099426, 815, 791, 0, 4948, 3636, 3641, 0, 1033
75.199425, 816, 793, 0, 4954, 3642, 3648, 0, 1035
75.299423, 818, 799, 0, 4963, 3648, 3654, 0, 1037
75.399422, 819, 803, 0, 4973, 3655, 3665, 0, 1042
75.499420, 820, 806, 0, 4986, 3663, 3675, 0, 1046
75.599419, 820, 810, 0, 4995, 3669, 3680, 0, 1053
75.699417, 822, 811, 0, 5002, 3674, 3682, 0, 1056
75.799416, 822, 814, 0, 5012, 3681, 3683, 0, 1056
75.899414, 824, 818, 0, 5023, 3687, 3690, 0, 1059
75.999413, 825, 823, 0, 5034, 3690, 3697, 0, 1063
76.099411, 826, 827, 0, 5049, 3698, 3705, 0, 1068
76.199409, 827, 832, 0, 5065, 3709, 3712, 0, 1073
76.299408, 827, 835, 0, 5082, 3716, 3724, 0, 1078
76.399406, 829, 836, 0, 5096, 3720, 3728, 0, 1081
76.499405, 829, 845, 0, 5103, 3727, 3733, 0, 1086
76.599403, 829, 846, 0, 5113, 3732, 3736, 0, 1087
76.699402, 833, 849, 0, 5123, 3739, 3749, 0, 1092
76.799400, 837, 852, 0, 5133, 3748, 3756, 0, 1092
76.899399, 840, 853, 0, 5139, 3752, 3761, 0, 1097
76.999397, 840, 858, 0, 5146, 3756, 3764, 0, 1101
77.099396, 840, 864, 0, 5154, 3762, 3765, 0, 1102
77.199394, 840, 871, 0, 5157, 3767, 3765, 0, 1105
77.299393, 841, 873, 0, 5174, 3781, 3778, 0, 1109
77.399391, 841, 878, 0, 5184, 3785, 3782, 0, 1111
77.499390, 846, 881, 0, 5193, 3790, 3790, 0, 1112
77.599388, 846, 884, 0, 5200, 3793, 3787, 0, 1113
77.699387, 847, 891, 0, 5211, 3798, 3794, 0, 1117
77.799385, 851, 895, 0, 5221, 3805, 3797, 0, 1122
77.899384, 851, 896, 0, 5231, 3809, 3795, 0, 1126
77.999382, 850, 898, 0, 5244, 3812, 3799, 0, 1129
78.099380, 851, 900, 0, 5265, 3821, 3804, 0, 1133
78.199379, 854, 904, 0, 5270, 3828, 3803, 0, 1136
78.299377, 856, 911, 0, 5285, 3834, 3811, 0, 1144
78.399376, 857, 916, 0, 5300, 3843, 3819, 0, 1147
78.499374, 858, 922, 0, 5310, 3849, 3823, 0, 1150
78.599373, 861, 924, 0, 5323, 3853, 3833, 0, 1152
78.699371, 863, 927, 0, 5330, 3860, 3844, 0, 1156
78.799370, 865, 933, 0, 5339, 3866, 3856, 0, 1160
78.899368, 867, 933, 0, 5355, 3867, 3871, 0, 1160
78.999367, 868, 946, 0, 5366, 3866, 3876, 0, 1161
79.099365, 869, 949, 0, 5389, 3873, 3883, 0, 1164
79.199364, 869, 954, 0, 5397, 3876, 3888, 0, 1168
79.299362, 869, 959, 0, 5410, 3883, 3889, 0, 1173
79.399361, 870, 967, 0, 5423, 3891, 3902, 0, 1177
79.499359, 873, 973, 0, 5437, 3900, 3909, 0, 1183
79.599358, 875, 974, 0, 5444, 3909, 3909, 0, 1185
79.699356, 876, 977, 0, 5454, 3919, 3911, 0, 1187
79.799355, 877, 979, 0, 5464, 3927, 3912, 0, 1189
79.899353, 877, 982, 0, 5472, 3929, 3912, 0, 1191
79.999352, 878, 985, 0, 5484, 3934, 3918, 0, 1194
80.099350, 879, 991, 0, 5492, 3938, 3918, 0, 1196
80.199348, 882, 1000, 0, 5506, 3950, 3920, 0, 1198
80.299347, 885, 1002, 0, 5514, 3960, 3929, 0, 1201
80.399345, 886, 1004, 0, 5523, 3967, 3934, 0, 1203
80.499344, 887, 1008, 0, 5532, 3972, 3938, 0, 1208
80.599342, 889, 1017, 0, 5545, 3988, 3943, 0, 1216
80.699341, 891, 1019, 0, 5556, 3991, 3948, 0, 1217
80.799339, 893, 1023, 0, 5568, 3998, 3954, 0, 1219
80.899338, 894, 1031, 0, 5578, 4004, 3960, 0, 1226
80.999336, 895, 1045, 0, 5590, 4008, 3969, 0, 1232
81.099335, 896, 1055, 0, 5598, 4013, 3975, 0, 1239
81.199333, 899, 1055, 0, 5603, 4018, 3980, 0, 1239
81.299332, 902, 1059, 0, 5613, 4021, 3991, 0, 1241
81.399330, 903, 1064, 0, 5625, 4035, 3997, 0, 1247
81.499329, 904, 1068, 0, 5634, 4038, 4001, 0, 1251
81.599327, 906, 1069, 0, 5652, 4040, 4006, 0, 1253
81.699326, 907, 1070, 0, 5658, 4046, 4009, 0, 1255
81.799324, 906, 1072, 0, 5673, 4050, 4011, 0, 1258
81.899323, 906, 1077, 0, 5685, 4059, 4016, 0, 1265
81.999321, 905, 1084, 0, 5700, 4069, 4027, 0, 1271
82.099319, 907, 1086, 0, 5704, 4067, 4032, 0, 1274
82.199318, 908, 1088, 0, 5718, 4072, 4035, 0, 1277
82.299316, 908, 1093, 0, 5727, 4078, 4041, 0, 1283
82.399315, 909, 1097, 0, 5743, 4082, 4044, 0, 1292
82.499313, 909, 1109, 0, 5751, 4088, 4051, 0, 1299
82.599312, 910, 1113, 0, 5761, 4086, 4055, 0, 1299
82.699310, 912, 1123, 0, 5774, 4095, 4063, 0, 1305
82.799309, 914, 1126, 0, 5788, 4104, 4068, 0, 1310
82.899307, 915, 1129, 0, 5799, 4109, 4074, 0, 1313
82.999306, 915, 1131, 0, 5809, 4113, 4078, 0, 1319
83.099304, 920, 1136, 0, 5820, 4117, 4078, 0, 1320
83.199303, 922, 1140, 0, 5830, 4121, 4081, 0, 1322
83.299301, 923, 1146, 0, 5834, 4126, 4086, 0, 1325
83.399300, 923, 1149, 0, 5840, 4130, 4085, 0, 1330
83.499298, 924, 1152, 0, 5845, 4127, 4087, 0, 1331
83.599297, 925, 1159, 0, 5858, 4133, 4093, 0, 1337
83.699295, 927, 1159, 0, 5873, 4137, 4095, 0, 1337
83.799294, 928, 1164, 0, 5880, 4137, 4100, 0, 1342
83.899292, 929, 1168, 0, 5888, 4143, 4104, 0, 1345
83.999290, 931, 1175, 0, 5902, 4148, 4104, 0, 1349
84.099289, 932, 1177, 0, 5910, 4151, 4107, 0, 1353
84.199287, 931, 1178, 0, 5917, 4157, 4114, 0, 1355
84.299286, 931, 1181, 0, 5927, 4163, 4113, 0, 1357
84.399284, 931, 1186, 0, 5936, 4158, 4117, 0, 1359
84.499283, 933, 1188, 0, 5944, 4162, 4121, 0, 1363
84.599281, 935, 1195, 0, 5953, 4170, 4133, 0, 1369
84.699280, 935, 1200, 0, 5961, 4174, 4139, 0, 1373
84.799278, 937, 1204, 0, 5969, 4176, 4143, 0, 1380
84.899277, 939, 1212, 0, 5979, 4182, 4143, 0, 1383
84.999275, 943, 1216, 0, 5982, 4187, 4149, 0, 1386
85.099274, 943, 1220, 0, 5991, 4187, 4156, 0, 1389
85.199272, 943, 1221, 0, 6000, 4188, 4155, 0, 1392
85.299271, 944, 1224, 0, 6008, 4192, 4156, 0, 1394
85.399269, 945, 1233, 0, 6020, 4201, 4165, 0, 1400
85.499268, 946, 1237, 0, 6028, 4205, 4169, 0, 1402
85.599266, 949, 1242, 0, 6039, 4206, 4170, 0, 1404
85.699265, 950, 1246, 0, 6046, 4207, 4176, 0, 1407
85.799263, 948, 1249, 0, 6056, 4209, 4178, 0, 1409
85.899261, 951, 1252, 0, 6063, 4214, 4183, 0, 1414
85.999260, 953, 1255, 0, 6077, 4218, 4188, 0, 1419
86.099258, 953, 1260, 0, 6088, 4222, 4196, 0, 1426
86.199257, 955, 1263, 0, 6096, 4226, 4199, 0, 1431
86.299255, 956, 1268, 0, 6105, 4225, 4206, 0, 1435
86.399254, 957, 1270, 0, 6114, 4224, 4210, 0, 1436
86.499252, 961, 1271, 0, 6123, 4226, 4215, 0, 1439
86.599251, 962, 1274, 0, 6132, 4229, 4218, 0, 1442
86.699249, 967, 1275, 0, 6146, 4234, 4219, 0, 1445
86.799248, 967, 1280, 0, 6157, 4237, 4226, 0, 1452
86.899246, 968, 1287, 0, 6169, 4237, 4227, 0, 1456
86.999245, 967, 1288, 0, 6179, 4240, 4230, 0, 1457
87.099243, 966, 1290, 0, 6192, 4243, 4231, 0, 1463
87.199242, 967, 1292, 0, 6203, 4245, 4235, 0, 1466
87.299240, 969, 1295, 0, 6213, 4250, 4242, 0, 1468
87.399239, 970, 1298, 0, 6224, 4248, 4251, 0, 1470
87.499237, 972, 1302, 0, 6241, 4258, 4257, 0, 1475
87.599236, 974, 1305, 0, 6251, 4262, 4256, 0, 1478
87.699234, 977, 1312, 0, 6268, 4269, 4264, 0, 1484
87.799232, 981, 1316, 0, 6276, 4268, 4270, 0, 1487
87.899231, 980, 1318, 0, 6291, 4271, 4271, 0, 1489
87.999229, 982, 1323, 0, 6303, 4274, 4276, 0, 1494
88.099228, 985, 1324, 0, 6309, 4276, 4276, 0, 1496
88.199226, 987, 1329, 0, 6318, 4282, 4280, 0, 1502
88.299225, 987, 1334, 0, 6324, 4285, 4280, 0, 1509
88.399223, 988, 1338, 0, 6337, 4297, 4290, 0, 1516
88.499222, 989, 1343, 0, 6350, 4298, 4287, 0, 1518
88.599220, 991, 1348, 0, 6354, 4298, 4288, 0, 1521
88.699219, 992, 1353, 0, 6363, 4303, 4290, 0, 1523
88.799217, 991, 1357, 0, 6370, 4306, 4293, 0, 1526
88.899216, 991, 1358, 0, 6382, 4307, 4291, 0, 1526
88.999214, 990, 1362, 0, 6395, 4310, 4296, 0, 1528
89.099213, 991, 1367, 0, 6417, 4318, 4303, 0, 1533
89.199211, 994, 1369, 0, 6430, 4323, 4310, 0, 1537
89.299210, 995, 1370, 0, 6443, 4320, 4311, 0, 1537
89.399208, 999, 1372, 0, 6457, 4323, 4318, 0, 1542
89.499207, 999, 1374, 0, 6467, 4325, 4324, 0, 1547
89.599205, 1000, 1376, 0, 6477, 4330, 4330, 0, 1548
89.699203, 1002, 1379, 0, 6487, 4331, 4332, 0, 1551
89.799202, 1002, 1381, 0, 6500, 4338, 4336, 0, 1556
89.899200, 1004, 1384, 0, 6508, 4342, 4341, 0, 1560
89.999199, 1004, 1386, 0, 6522, 4348, 4342, 0, 1561
90.099197, 1004, 1389, 0, 6531, 4346, 4342, 0, 1563
90.199196, 1004, 1393, 0, 6538, 4346, 4344, 0, 1567
90.299194, 1007, 1401, 0, 6548, 4351, 4346, 0, 1572
90.399193, 1008, 1403, 0, 6563, 4353, 4350, 0, 1574
90.499191, 1010, 1408, 0, 6574, 4362, 4354, 0, 1581
90.599190, 1009, 1409, 0, 6583, 4363, 4353, 0, 1583
90.699188, 1015, 1414, 0, 6602, 4371, 4360, 0, 1585
90.799187, 1018, 1418, 0, 6610, 4375, 4367, 0, 1589
90.899185, 1019, 1420, 0, 6619, 4373, 4367, 0, 1589
90.999184, 1020, 1423, 0, 6627, 4379, 4366, 0, 1591
91.099182, 1019, 1424, 0, 6634, 4379, 4367, 0, 1592
91.199181, 1026, 1428, 0, 6647, 4384, 4373, 0, 1596
91.299179, 1026, 1430, 0, 6670, 4388, 4378, 0, 1598
91.399178, 1026, 1433, 0, 6678, 4386, 4381, 0, 1601
91.499176, 1032, 1435, 0, 6690, 4389, 4387, 0, 1607
91.599174, 1032, 1440, 0, 6696, 4388, 4389, 0, 1610
91.699173, 1035, 1442, 0, 6706, 4386, 4393, 0, 1613
91.799171, 1035, 1447, 0, 6718, 4391, 4400, 0, 1619
91.899170, 1036, 1450, 0, 6731, 4397, 4401, 0, 1622
91.999168, 1036, 1459, 0, 6749, 4406, 4411, 0, 1628
92.099167, 1036, 1470, 0, 6759, 4416, 4412, 0, 1636
92.199165, 1037, 1472, 0, 6768, 4417, 4417, 0, 1639
92.299164, 1037, 1478, 0, 6785, 4422, 4422, 0, 1642
92.399162, 1039, 1482, 0, 6800, 4428, 4424, 0, 1644
92.499161, 1040, 1486, 0, 6808, 4433, 4428, 0, 1646
92.599159, 1043, 1488, 0, 6817, 4432, 4431, 0, 1648
92.699158, 1045, 1491, 0, 6829, 4434, 4435, 0, 1651
92.799156, 1048, 1496, 0, 6840, 4436, 4439, 0, 1655
92.899155, 1047, 1497, 0, 6850, 4434, 4437, 0, 1657
92.999153, 1049, 1499, 0, 6861, 4438, 4439, 0, 1658
93.099152, 1049, 1501, 0, 6868, 4440, 4443, 0, 1659
93.199150, 1049, 1504, 0, 6878, 4444, 4444, 0, 1660
93.299149, 1048, 1504, 0, 6887, 4444, 4450, 0, 1660
93.399147, 1047, 1507, 0, 6899, 4443, 4448, 0, 1661
93.499146, 1048, 1508, 0, 6908, 4442, 4450, 0, 1661
93.599144, 1051, 1509, 0, 6923, 4443, 4451, 0, 1662
93.699142, 1052, 1509, 0, 6928, 4444, 4456, 0, 1664
93.799141, 1053, 1511, 0, 6939, 4452, 4454, 0, 1667
93.899139, 1052, 1515, 0, 6951, 4455, 4458, 0, 1669
93.999138, 1054, 1518, 0, 6965, 4463, 4465, 0, 1672
94.099136, 1056, 1526, 0, 6973, 4471, 4473, 0, 1678
94.199135, 1059, 1530, 0, 6982, 4469, 4471, 0, 1679
94.299133, 1061, 1537, 0, 6994, 4472, 4473, 0, 1682
94.399132, 1062, 1538, 0, 7005, 4472, 4467, 0, 1681
94.499130, 1063, 1538, 0, 7021, 4470, 4464, 0, 1682
94.599129, 1063, 1540, 0, 7028, 4472, 4465, 0, 1685
94.699127, 1063, 1540, 0, 7038, 4476, 4463, 0, 1685
94.799126, 1063, 1546, 0, 7046, 4472, 4467, 0, 1687
94.899124, 1061, 1549, 0, 7063, 4477, 4467, 0, 1690
94.999123, 1063, 1554, 0, 7072, 4477, 4470, 0, 1692
95.099121, 1065, 1559, 0, 7084, 4481, 4471, 0, 1693
95.199120, 1065, 1563, 0, 7098, 4486, 4473, 0, 1696
95.299118, 1066, 1564, 0, 7105, 4485, 4472, 0, 1698
95.399117, 1067, 1568, 0, 7115, 4491, 4473, 0, 1701
95.499115, 1068, 1570, 0, 7122, 4495, 4475, 0, 1705
95.599113, 1069, 1572, 0, 7134, 4498, 4477, 0, 1708
95.699112, 1071, 1578, 0, 7150, 4505, 4483, 0, 1715
95.799110, 1069, 1582, 0, 7159, 4505, 4480, 0, 1715
95.899109, 1069, 1584, 0, 7168, 4505, 4484, 0, 1717
95.999107, 1072, 1587, 0, 7179, 4505, 4485, 0, 1721
96.099106, 1073, 1591, 0, 7188, 4509, 4480, 0, 1728
96.199104, 1074, 1591, 0, 7201, 4508, 4481, 0, 1729
96.299103, 1074, 1597, 0, 7219, 4516, 4489, 0, 1733
96.399101, 1075, 1600, 0, 7229, 4517, 4492, 0, 1735
96.499100, 1076, 1606, 0, 7240, 4525, 4496, 0, 1741
96.599098, 1080, 1610, 0, 7256, 4527, 4502, 0, 1744
96.699097, 1080, 1616, 0, 7264, 4525, 4506, 0, 1745
96.799095, 1082, 1620, 0, 7276, 4528, 4511, 0, 1748
96.899094, 1086, 1622, 0, 7295, 4534, 4514, 0, 1750
96.999092, 1086, 1627, 0, 7301, 4537, 4522, 0, 1756
97.099091, 1089, 1630, 0, 7309, 4537, 4520, 0, 1758
97.199089, 1091, 1632, 0, 7321, 4541, 4522, 0, 1761
97.299088, 1091, 1635, 0, 7328, 4538, 4519, 0, 1761
97.399086, 1094, 1639, 0, 7339, 4542, 4524, 0, 1765
97.499084, 1096, 1645, 0, 7354, 4543, 4531, 0, 1770
97.599083, 1100, 1649, 0, 7371, 4544, 4531, 0, 1773
97.699081, 1104, 1649, 0, 7380, 4546, 4525, 0, 1772
97.799080, 1105, 1651, 0, 7390, 4547, 4524, 0, 1773
97.899078, 1106, 1652, 0, 7395, 4547, 4514, 0, 1774
97.999077, 1107, 1656, 0, 7406, 4555, 4513, 0, 1777
98.099075, 1109, 1663, 0, 7420, 4557, 4519, 0, 1780
98.199074, 1112, 1667, 0, 7427, 4562, 4516, 0, 1783
98.299072, 1112, 1667, 0, 7434, 4559, 4513, 0, 1785
98.399071, 1112, 1669, 0, 7447, 4560, 4516, 0, 1787
98.499069, 1111, 1668, 0, 7457, 4559, 4516, 0, 1787
98.599068, 1115, 1673, 0, 7463, 4562, 4518, 0, 1789
98.699066, 1116, 1673, 0, 7475, 4567, 4519, 0, 1789
98.799065, 1116, 1677, 0, 7480, 4568, 4522, 0, 1795
98.899063, 1119, 1682, 0, 7492, 4566, 4527, 0, 1797
98.999062, 1119, 1685, 0, 7501, 4564, 4527, 0, 1799
99.099060, 1120, 1686, 0, 7515, 4566, 4530, 0, 1800
99.199059, 1126, 1690, 0, 7534, 4573, 4534, 0, 1803
99.299057, 1124, 1692, 0, 7545, 4575, 4536, 0, 1805
99.399055, 1125, 1699, 0, 7563, 4578, 4539, 0, 1810
99.499054, 1127, 1700, 0, 7576, 4580, 4542, 0, 1812
99.599052, 1127, 1706, 0, 7585, 4583, 4544, 0, 1814
99.699051, 1127, 1714, 0, 7601, 4583, 4546, 0, 1818
99.799049, 1129, 1717, 0, 7612, 4589, 4545, 0, 1824
99.899048, 1131, 1720, 0, 7625, 4591, 4549, 0, 1826
99.999046, 1134, 1721, 0, 7639, 4592, 4550, 0, 1826
100.099045, 1137, 1725, 0, 7649, 4592, 4557, 0, 1831
100.199043, 1137, 1730, 0, 7661, 4596, 4560, 0, 1836
100.299042, 1137, 1732, 0, 7675, 4596, 4561, 0, 1836
100.399040, 1138, 1742, 0, 7686, 4600, 4562, 0, 1844
100.499039, 1140, 1746, 0, 7701, 4604, 4561, 0, 1847
100.599037, 1141, 1750, 0, 7719, 4603, 4569, 0, 1852
100.699036, 1142, 1754, 0, 7737, 4607, 4571, 0, 1856
100.799034, 1143, 1760, 0, 7752, 4612, 4574, 0, 1860
100.899033, 1142, 1764, 0, 7769, 4613, 4575, 0, 1860
100.999031, 1143, 1767, 0, 7781, 4615, 4581, 0, 1862
101.099030, 1146, 1775, 0, 7792, 4621, 4586, 0, 1869
101.199028, 1149, 1777, 0, 7809, 4627, 4588, 0, 1873
101.299026, 1153, 1782, 0, 7832, 4634, 4596, 0, 1877
101.399025, 1154, 1787, 0, 7846, 4635, 4599, 0, 1883
101.499023, 1155, 1791, 0, 7860, 4637, 4602, 0, 1887
101.599022, 1157, 1796, 0, 7877, 4637, 4609, 0, 1891
101.699020, 1161, 1800, 0, 7889, 4639, 4613, 0, 1893
101.799019, 1162, 1803, 0, 7912, 4646, 4613, 0, 1896
101.899017, 1164, 1806, 0, 7934, 4648, 4619, 0, 1899
101.999016, 1169, 1811, 0, 7951, 4648, 4623, 0, 1901
102.099014, 1171, 1817, 0, 7971, 4650, 4623, 0, 1906
102.199013, 1174, 1822, 0, 7986, 4652, 4626, 0, 1910
102.299011, 1178, 1823, 0, 8007, 4654, 4626, 0, 1911
102.399010, 1185, 1826, 0, 8025, 4659, 4633, 0, 1916
102.499008, 1184, 1831, 0, 8040, 4665, 4634, 0, 1917
102.599007, 1186, 1836, 0, 8058, 4671, 4638, 0, 1921
102.699005, 1188, 1840, 0, 8074, 4672, 4638, 0, 1924
102.799004, 1191, 1845, 0, 8090, 4675, 4644, 0, 1927
102.899002, 1194, 1851, 0, 8106, 4684, 4647, 0, 1931
102.999001, 1198, 1854, 0, 8125, 4690, 4654, 0, 1934
103.098999, 1202, 1857, 0, 8146, 4697, 4659, 0, 1937
103.198997, 1206, 1862, 0, 8170, 4702, 4668, 0, 1941
103.298996, 1207, 1865, 0, 8192, 4703, 4675, 0, 1943
103.398994, 1210, 1872, 0, 8212, 4710, 4681, 0, 1948
103.498993, 1211, 1876, 0, 8224, 4708, 4684, 0, 1952
103.598991, 1212, 1878, 0, 8246, 4708, 4681, 0, 1955
103.698990, 1214, 1884, 0, 8270, 4714, 4683, 0, 1960
103.798988, 1219, 1890, 0, 8285, 4719, 4690, 0, 1964
103.898987, 1218, 1896, 0, 8304, 4727, 4698, 0, 1972
103.998985, 1219, 1901, 0, 8324, 4732, 4706, 0, 1978
104.098984, 1222, 1903, 0, 8342, 4739, 4708, 0, 1980
104.198982, 1225, 1903, 0, 8362, 4740, 4709, 0, 1981
104.298981, 1230, 1910, 0, 8384, 4746, 4718, 0, 1988
104.398979, 1231, 1912, 0, 8410, 4747, 4719, 0, 1989
104.498978, 1237, 1914, 0, 8431, 4748, 4724, 0, 1991
104.598976, 1245, 1918, 0, 8455, 4759, 4729, 0, 1995
104.698975, 1251, 1920, 0, 8475, 4759, 4737, 0, 1998
104.798973, 1256, 1925, 0, 8491, 4767, 4743, 0, 2003
104.898972, 1260, 1931, 0, 8500, 4771, 4749, 0, 2007
104.998970, 1267, 1938, 0, 8520, 4777, 4759, 0, 2013
105.098969, 1271, 1945, 0, 8537, 4783, 4767, 0, 2018
105.198967, 1274, 1950, 0, 8560, 4787, 4772, 0, 2023
105.298965, 1276, 1957, 0, 8582, 4788, 4774, 0, 2028
105.398964, 1279, 1964, 0, 8608, 4798, 4783, 0, 2034
105.498962, 1282, 1965, 0, 8635, 4809, 4787, 0, 2034
105.598961, 1289, 1967, 0, 8662, 4815, 4793, 0, 2039
105.698959, 1296, 1976, 0, 8677, 4829, 4808, 0, 2050
105.798958, 1301, 1977, 0, 8712, 4830, 4809, 0, 2050
105.898956, 1302, 1983, 0, 8736, 4833, 4812, 0, 2053
105.998955, 1305, 1988, 0, 8757, 4840, 4818, 0, 2057
106.098953, 1307, 1994, 0, 8791, 4851, 4824, 0, 2063
106.198952, 1312, 1998, 0, 8819, 4851, 4830, 0, 2065
106.298950, 1314, 2006, 0, 8847, 4857, 4847, 0, 2072
106.398949, 1317, 2009, 0, 8872, 4861, 4853, 0, 2077
106.498947, 1322, 2013, 0, 8894, 4869, 4860, 0, 2083
106.598946, 1332, 2020, 0, 8915, 4880, 4869, 0, 2090
106.698944, 1335, 2029, 0, 8937, 4890, 4879, 0, 2099
106.798943, 1337, 2032, 0, 8966, 4890, 4888, 0, 2102
106.898941, 1341, 2034, 0, 9006, 4897, 4891, 0, 2104
106.998940, 1344, 2041, 0, 9026, 4903, 4901, 0, 2113
107.098938, 1347, 2045, 0, 9055, 4906, 4911, 0, 2115
107.198936, 1351, 2051, 0, 9081, 4915, 4921, 0, 2121
107.298935, 1357, 2053, 0, 9103, 4917, 4927, 0, 2125
107.398933, 1359, 2060, 0, 9129, 4929, 4937, 0, 2130
107.498932, 1368, 2064, 0, 9163, 4935, 4942, 0, 2135
107.598930, 1374, 2070, 0, 9185, 4942, 4947, 0, 2141
107.698929, 1376, 2075, 0, 9211, 4946, 4955, 0, 2145
107.798927, 1377, 2080, 0, 9235, 4948, 4965, 0, 2151
107.898926, 1381, 2087, 0, 9262, 4956, 4971, 0, 2156
107.998924, 1385, 2094, 0, 9275, 4963, 4976, 0, 2159
108.098923, 1386, 2106, 0, 9302, 4978, 4987, 0, 2170
108.198921, 1388, 2111, 0, 9324, 4988, 4991, 0, 2177
108.298920, 1391, 2116, 0, 9350, 4999, 5001, 0, 2183
108.398918, 1394, 2123, 0, 9371, 5013, 5015, 0, 2189
108.498917, 1397, 2137, 0, 9401, 5032, 5030, 0, 2204
108.598915, 1400, 2143, 0, 9422, 5036, 5034, 0, 2208
108.698914, 1407, 2152, 0, 9449, 5046, 5041, 0, 2216
108.798912, 1408, 2157, 0, 9481, 5052, 5045, 0, 2222
108.898911, 1409, 2159, 0, 9505, 5059, 5050, 0, 2224
108.998909, 1412, 2166, 0, 9527, 5068, 5062, 0, 2230
109.098907, 1413, 2172, 0, 9561, 5068, 5069, 0, 2236
109.198906, 1414, 2179, 0, 9581, 5075, 5076, 0, 2242
109.298904, 1419, 2184, 0, 9609, 5079, 5083, 0, 2246
109.398903, 1421, 2185, 0, 9636, 5083, 5093, 0, 2246
109.498901, 1424, 2186, 0, 9652, 5086, 5095, 0, 2246
109.598900, 1425, 2191, 0, 9682, 5090, 5106, 0, 2251
109.698898, 1426, 2196, 0, 9711, 5104, 5110, 0, 2256
109.798897, 1430, 2196, 0, 9744, 5109, 5116, 0, 2258
109.898895, 1434, 2200, 0, 9764, 5115, 5122, 0, 2259
109.998894, 1432, 2210, 0, 9785, 5118, 5128, 0, 2269
110.098892, 1439, 2212, 0, 9811, 5122, 5130, 0, 2272
110.198891, 1442, 2217, 0, 9835, 5124, 5138, 0, 2276
110.298889, 1445, 2221, 0, 9860, 5124, 5144, 0, 2278
110.398888, 1451, 2227, 0, 9889, 5132, 5151, 0, 2280
110.498886, 1455, 2230, 0, 9929, 5141, 5160, 0, 2285
