time,yellow_output,green_output,phlf,qacr,iptg,atc,f_phlf,f_qacr,f_iptg,f_atc,total,cluster,iptg_atc_combined
0.0,0,0,0,0,0,0,0,0,,,,0,0.0
0.1,0,0,0,0,0,0,0,0,,,,0,0.0
0.2,0,0,0,0,0,0,0,0,,,,0,0.0
0.3,0,0,0,0,0,0,0,0,,,,0,0.0
0.4,0,0,0,0,0,0,0,0,,,,0,0.0
0.5,0,0,0,0,0,0,0,0,,,,0,0.0
0.6,0,0,0,0,0,0,0,0,,,,0,0.0
0.7,0,0,0,0,0,0,0,0,,,,0,0.0
0.8,0,0,0,0,0,0,0,0,,,,0,0.0
0.9,0,0,0,0,0,0,0,0,,,,0,0.0
1.0,0,0,0,0,0,0,0,0,,,,0,0.0
1.1,0,0,0,0,0,0,0,0,,,,0,0.0
1.2,0,0,0,0,0,0,0,0,,,,0,0.0
1.3,0,0,0,0,0,0,0,0,,,,0,0.0
1.4,0,0,0,1,0,0,0,0,,,,0,0.0
1.5,0,0,0,1,0,0,0,0,,,,0,0.0
1.6,0,0,0,1,0,0,0,0,,,,0,0.0
1.7,0,0,0,2,0,0,0,0,,,,0,0.0
1.8,0,0,0,2,0,0,0,0,,,,0,0.0
1.9,0,0,0,5,0,0,0,0,,,,0,0.0
2.0,0,0,0,6,0,0,0,0,,,,0,0.0
2.1,0,0,0,8,0,0,0,0,,,,0,0.0
2.2,0,0,0,13,0,0,0,0,,,,0,0.0
2.3,0,0,0,17,0,0,0,0,,,,0,0.0
2.4,0,0,0,19,0,0,0,0,,,,0,0.0
2.5,0,0,0,23,0,0,0,0,,,,0,0.0
2.6,0,0,0,30,0,0,0,0,,,,0,0.0
2.7,0,0,0,38,0,0,0,0,,,,0,0.0
2.799999,0,0,0,43,0,0,0,0,,,,0,0.0
2.899999,0,0,0,57,0,0,0,0,,,,0,0.0
2.999999,0,0,0,68,0,0,0,0,,,,0,0.0
3.099999,0,0,0,87,0,0,0,0,,,,0,0.0
3.199999,0,0,0,113,0,0,0,0,,,,0,0.0
3.299999,0,0,0,141,0,0,0,0,,,,0,0.0
3.399999,0,0,0,174,0,0,0,0,,,,0,0.0
3.499999,0,0,0,201,0,0,0,0,,,,0,0.0
3.599999,0,0,0,230,0,0,0,0,,,,0,0.0
3.699999,0,0,0,279,0,0,0,0,,,,0,0.0
3.799999,0,0,0,336,0,0,0,0,,,,0,0.0
3.899998,0,0,0,403,0,0,0,0,,,,0,0.0
3.999998,0,0,0,470,0,0,0,0,,,,0,0.0
4.099998,0,0,0,536,0,0,0,0,,,,0,0.0
4.199998,0,0,0,612,0,0,0,0,,,,0,0.0
4.299998,0,0,0,714,0,0,0,0,,,,0,0.0
4.399998,0,0,0,804,0,0,0,0,,,,0,0.0
4.499998,0,0,0,886,0,0,0,0,,,,0,0.0
4.599998,0,0,0,989,0,0,0,0,,,,0,0.0
4.699998,0,0,0,1096,0,1,0,0,,,,0,0.5
4.799998,0,0,0,1203,0,1,0,0,,,,0,0.5
4.899998,0,0,0,1301,0,1,0,0,,,,0,0.5
4.999998,0,0,0,1420,0,1,0,0,,,,0,0.5
5.099998,0,0,0,1532,0,1,0,0,,,,0,0.5
5.199997,0,0,0,1633,1,1,0,0,,,,0,1.0
5.299997,0,0,0,1731,1,1,0,0,,,,0,1.0
5.399997,0,0,0,1813,1,1,0,0,,,,0,1.0
5.499997,0,0,0,1911,1,2,0,0,,,,0,1.5
5.599997,0,0,0,1997,1,2,0,0,,,,0,1.5
5.699997,0,0,0,2076,1,2,0,0,,,,0,1.5
5.799997,0,0,0,2159,2,3,0,0,,,,0,2.5
5.899997,0,0,0,2238,2,5,0,0,,,,0,3.5
5.999997,0,0,0,2307,4,5,0,0,,,,0,4.5
6.099997,0,0,0,2369,6,6,0,0,,,,0,6.0
6.199996,0,0,0,2424,6,6,0,0,,,,0,6.0
6.299996,0,0,0,2469,9,7,0,0,,,,0,8.0
6.399996,0,0,0,2499,9,9,0,0,,,,0,9.0
6.499996,0,0,0,2526,11,12,0,0,,,,0,11.5
6.599996,0,0,0,2555,15,13,0,0,,,,0,14.0
6.699996,0,0,0,2574,15,17,0,0,,,,0,16.0
6.799996,0,0,0,2589,16,20,0,0,,,,0,18.0
6.899996,0,0,0,2601,19,21,0,0,,,,0,20.0
6.999996,0,0,0,2614,22,23,0,0,,,,0,22.5
7.099996,0,0,0,2622,25,26,0,0,,,,0,25.5
7.199996,0,0,0,2629,31,31,0,0,,,,0,31.0
7.299995,0,0,0,2636,36,33,0,0,,,,0,34.5
7.399995,0,0,0,2639,44,39,0,0,,,,0,41.5
7.499995,0,0,0,2640,48,43,0,0,,,,0,45.5
7.599995,0,0,0,2644,57,48,0,0,,,,0,52.5
7.699995,0,0,0,2646,65,52,0,0,,,,0,58.5
7.799995,0,0,0,2647,68,63,0,0,,,,0,65.5
7.899995,0,0,0,2644,73,74,0,0,,,,0,73.5
7.999995,0,0,0,2642,79,80,0,0,,,,0,79.5
8.099995,0,0,0,2639,85,85,0,0,,,,0,85.0
8.199995,0,0,0,2637,89,90,0,0,,,,0,89.5
8.299995,0,0,0,2635,94,94,0,0,,,,0,94.0
8.399996,0,0,0,2630,107,101,0,0,,,,0,104.0
8.499996,0,0,0,2624,117,108,0,0,,,,0,112.5
8.599997,0,0,0,2615,123,115,0,0,,,,0,119.0
8.699997,0,0,0,2610,129,123,0,0,,,,0,126.0
8.799997,0,0,0,2606,137,134,0,0,,,,0,135.5
8.899998,0,0,0,2604,144,141,0,0,,,,0,142.5
8.999998,0,0,0,2602,151,154,0,0,,,,0,152.5
9.099998,0,0,0,2597,156,159,0,0,,,,0,157.5
9.199999,0,0,0,2590,161,164,0,0,,,,0,162.5
9.299999,0,0,0,2587,168,173,0,0,,,,0,170.5
9.4,0,0,0,2583,175,184,0,0,,,,0,179.5
9.5,0,0,0,2577,179,193,0,0,,,,0,186.0
9.6,0,0,0,2573,185,196,0,0,,,,0,190.5
9.700001,0,0,0,2570,192,199,0,0,,,,0,195.5
9.800001,0,0,0,2560,200,208,0,0,,,,0,204.0
9.900002,0,0,0,2555,210,213,0,0,,,,0,211.5
10.000002,0,0,0,2552,213,220,0,0,,,,0,216.5
10.100002,0,0,0,2551,220,224,0,0,,,,0,222.0
10.200003,0,0,0,2548,226,228,0,0,,,,0,227.0
10.300003,0,0,0,2545,229,231,0,0,,,,0,230.0
10.400003,0,0,0,2540,235,236,0,0,,,,0,235.5
10.500004,0,0,0,2537,238,248,0,0,,,,0,243.0
10.600004,0,0,0,2534,244,255,0,0,,,,0,249.5
10.700005,0,0,0,2531,247,259,0,0,,,,0,253.0
10.800005,0,0,0,2528,253,260,0,0,,,,0,256.5
10.900005,0,0,0,2522,262,267,0,0,,,,0,264.5
11.000006,0,0,0,2518,266,271,0,0,,,,0,268.5
11.100006,0,0,0,2513,271,274,0,0,,,,0,272.5
11.200006,0,0,0,2513,276,281,0,0,,,,0,278.5
11.300007,0,0,0,2507,281,287,0,0,,,,0,284.0
11.400007,0,0,0,2501,287,294,0,0,,,,0,290.5
11.500008,0,0,0,2493,296,298,0,0,,,,0,297.0
11.600008,0,0,0,2490,303,303,0,0,,,,0,303.0
11.700008,0,0,0,2485,309,311,0,0,,,,0,310.0
11.800009,0,0,0,2478,313,316,0,0,,,,0,314.5
11.900009,0,0,0,2474,316,322,0,0,,,,0,319.0
12.00001,0,0,0,2469,326,327,0,0,,,,0,326.5
12.10001,0,0,0,2465,330,333,0,0,,,,0,331.5
12.20001,0,0,0,2460,337,334,0,0,,,,0,335.5
12.300011,0,0,0,2456,342,339,0,0,,,,0,340.5
12.400011,0,0,0,2453,344,346,0,0,,,,0,345.0
12.500011,0,0,0,2447,352,349,0,0,,,,0,350.5
12.600012,0,0,0,2440,357,359,0,0,,,,0,358.0
12.700012,0,0,0,2438,360,361,0,0,,,,0,360.5
12.800013,0,0,0,2435,366,365,0,0,,,,0,365.5
12.900013,0,0,0,2433,373,368,0,0,,,,0,370.5
13.000013,0,0,0,2427,375,375,0,0,,,,0,375.0
13.100014,0,0,0,2423,379,381,0,0,,,,0,380.0
13.200014,0,0,0,2419,383,383,0,0,,,,0,383.0
13.300014,0,0,0,2416,385,389,0,0,,,,0,387.0
13.400015,0,0,0,2415,391,391,0,0,,,,0,391.0
13.500015,0,0,0,2413,395,393,0,0,,,,0,394.0
13.600016,1,0,0,2409,400,397,0,0,,,,0,398.5
13.700016,1,0,0,2404,404,398,0,0,,,,0,401.0
13.800016,1,0,0,2400,409,406,0,0,,,,0,407.5
13.900017,1,0,0,2398,412,414,0,0,,,,0,413.0
14.000017,1,0,0,2395,414,419,0,0,,,,0,416.5
14.100018,1,0,0,2393,421,425,0,0,,,,0,423.0
14.200018,1,0,0,2389,429,426,0,0,,,,0,427.5
14.300018,1,0,0,2384,432,432,0,0,,,,0,432.0
14.400019,1,0,0,2380,436,439,0,0,,,,0,437.5
14.500019,1,0,0,2375,444,444,0,0,,,,0,444.0
14.600019,3,0,0,2370,448,445,0,0,,,,0,446.5
14.70002,3,0,0,2365,451,450,0,0,,,,0,450.5
14.80002,3,0,0,2357,457,452,0,0,,,,0,454.5
14.900021,4,0,0,2356,459,454,0,0,,,,0,456.5
15.000021,4,0,0,2355,465,457,0,0,,,,0,461.0
15.100021,4,0,0,2352,476,462,0,0,,,,0,469.0
15.200022,4,0,0,2347,481,466,0,0,,,,0,473.5
15.300022,4,0,0,2341,483,473,0,0,,,,0,478.0
15.400023,4,0,0,2334,486,479,0,0,,,,0,482.5
15.500023,4,0,0,2331,489,482,0,0,,,,0,485.5
15.600023,4,0,0,2328,493,491,0,0,,,,0,492.0
15.700024,4,0,0,2327,496,496,0,0,,,,0,496.0
15.800024,6,0,0,2320,502,501,0,0,,,,0,501.5
15.900024,6,0,0,2315,506,504,0,0,,,,0,505.0
16.000025,7,0,0,2308,515,505,0,0,,,,0,510.0
16.100025,7,0,0,2305,520,513,0,0,,,,0,516.5
16.200026,7,0,0,2302,523,518,0,0,,,,0,520.5
16.300026,8,0,0,2301,527,520,0,0,,,,0,523.5
16.400026,9,0,0,2299,533,523,0,0,,,,0,528.0
16.500027,10,0,0,2295,538,528,0,0,,,,0,533.0
16.600027,11,0,0,2293,540,534,0,0,,,,0,537.0
16.700027,11,0,0,2290,543,537,0,0,,,,0,540.0
16.800028,11,0,0,2284,546,540,0,0,,,,0,543.0
16.900028,12,0,0,2282,549,543,0,0,,,,0,546.0
17.000029,13,0,0,2280,551,549,0,0,,,,0,550.0
17.100029,13,0,0,2278,557,551,0,0,,,,0,554.0
17.200029,14,0,0,2274,563,553,0,0,,,,0,558.0
17.30003,16,0,0,2271,567,558,0,0,,,,0,562.5
17.40003,16,0,0,2268,571,564,0,0,,,,0,567.5
17.500031,16,0,0,2265,575,568,0,0,,,,0,571.5
17.600031,19,0,0,2262,578,569,0,0,,,,0,573.5
17.700031,20,0,0,2259,583,573,0,0,,,,0,578.0
17.800032,20,0,0,2257,585,577,0,0,,,,0,581.0
17.900032,21,0,0,2252,588,579,0,0,,,,0,583.5
18.000032,21,0,0,2248,590,580,0,0,,,,0,585.0
18.100033,22,0,0,2244,592,582,0,0,,,,0,587.0
18.200033,24,0,0,2239,593,587,0,0,,,,0,590.0
18.300034,24,0,0,2233,596,592,0,0,,,,0,594.0
18.400034,26,0,0,2230,602,599,0,0,,,,0,600.5
18.500034,27,0,0,2225,603,603,0,0,,,,0,603.0
18.600035,28,0,0,2223,605,607,0,0,,,,0,606.0
18.700035,29,0,0,2215,608,613,0,0,,,,0,610.5
18.800035,31,0,0,2212,609,615,0,0,,,,0,612.0
18.900036,31,0,0,2207,613,619,0,0,,,,0,616.0
19.000036,31,0,0,2202,619,622,0,0,,,,0,620.5
19.100037,32,0,0,2200,626,625,0,0,,,,0,625.5
19.200037,33,0,0,2193,630,630,0,0,,,,0,630.0
19.300037,33,0,0,2190,634,634,0,0,,,,0,634.0
19.400038,35,0,0,2190,637,637,0,0,,,,0,637.0
19.500038,36,0,0,2190,638,642,0,0,,,,0,640.0
19.600039,36,0,0,2187,638,648,0,0,,,,0,643.0
19.700039,38,0,0,2186,643,650,0,0,,,,0,646.5
19.800039,38,0,0,2185,645,654,0,0,,,,0,649.5
19.90004,38,0,0,2185,646,658,0,0,,,,0,652.0
20.00004,38,0,0,2184,650,662,0,0,,,,0,656.0
20.10004,38,0,0,2183,657,665,0,0,,,,0,661.0
20.200041,41,0,0,2182,659,671,0,0,,,,0,665.0
20.300041,41,0,0,2180,663,674,0,0,,,,0,668.5
20.400042,42,0,0,2179,665,676,0,0,,,,0,670.5
20.500042,42,0,0,2174,667,678,0,0,,,,0,672.5
20.600042,42,0,0,2177,671,680,0,0,,,,0,675.5
20.700043,43,0,0,2179,672,681,0,0,,,,0,676.5
20.800043,43,0,0,2179,675,686,0,0,,,,0,680.5
20.900043,43,0,0,2177,679,687,0,0,,,,0,683.0
21.000044,44,0,0,2174,682,692,0,0,,,,0,687.0
21.100044,47,0,0,2174,686,694,0,0,,,,0,690.0
21.200045,50,0,0,2171,688,697,0,0,,,,0,692.5
21.300045,51,0,0,2172,694,703,0,0,,,,0,698.5
21.400045,51,0,0,2168,702,708,0,0,,,,0,705.0
21.500046,53,0,0,2171,712,710,0,0,,,,0,711.0
21.600046,55,0,0,2171,715,715,0,0,,,,0,715.0
21.700047,55,0,0,2176,717,717,0,0,,,,0,717.0
21.800047,56,0,0,2178,721,723,0,0,,,,0,722.0
21.900047,56,0,0,2184,730,731,0,0,,,,0,730.5
22.000048,58,0,0,2193,733,740,0,0,,,,0,736.5
22.100048,59,0,0,2197,739,743,0,0,,,,0,741.0
22.200048,60,0,0,2195,745,749,0,0,,,,0,747.0
22.300049,60,0,0,2196,748,754,0,0,,,,0,751.0
22.400049,60,0,0,2198,755,757,0,0,,,,0,756.0
22.50005,63,0,0,2201,756,764,0,0,,,,0,760.0
22.60005,63,0,0,2201,765,768,0,0,,,,0,766.5
22.70005,64,0,0,2200,769,773,0,0,,,,0,771.0
22.800051,65,0,0,2207,778,776,0,0,,,,0,777.0
22.900051,66,0,0,2206,786,783,0,0,,,,0,784.5
23.000051,70,0,0,2208,790,788,0,0,,,,0,789.0
23.100052,71,0,0,2214,799,794,0,0,,,,0,796.5
23.200052,71,0,0,2222,800,802,0,0,,,,0,801.0
23.300053,71,0,0,2225,809,806,0,0,,,,0,807.5
23.400053,71,0,0,2230,813,814,0,0,,,,0,813.5
23.500053,71,0,0,2232,818,816,0,0,,,,0,817.0
23.600054,71,0,0,2235,822,820,0,0,,,,0,821.0
23.700054,74,0,0,2240,827,824,0,0,,,,0,825.5
23.800055,76,0,0,2246,833,830,0,0,,,,0,831.5
23.900055,79,0,0,2251,838,836,0,0,,,,0,837.0
24.000055,82,0,0,2253,843,840,0,0,,,,0,841.5
24.100056,82,0,0,2256,851,841,0,0,,,,0,846.0
24.200056,83,0,0,2264,857,845,0,0,,,,0,851.0
24.300056,85,0,0,2271,858,850,0,0,,,,0,854.0
24.400057,86,0,0,2273,862,857,0,0,,,,0,859.5
24.500057,86,0,0,2274,867,861,0,0,,,,0,864.0
24.600058,88,0,0,2276,869,869,0,0,,,,0,869.0
24.700058,88,0,0,2286,875,877,0,0,,,,0,876.0
24.800058,88,0,0,2289,884,883,0,0,,,,0,883.5
24.900059,89,0,0,2295,891,888,0,0,,,,0,889.5
25.000059,92,0,0,2299,898,893,0,0,,,,0,895.5
25.10006,92,0,0,2305,905,897,0,0,,,,0,901.0
25.20006,92,0,0,2308,914,903,0,0,,,,0,908.5
25.30006,94,0,0,2307,922,911,0,0,,,,0,916.5
25.400061,95,0,0,2317,926,923,0,0,,,,0,924.5
25.500061,95,0,0,2324,927,928,0,0,,,,0,927.5
25.600061,96,0,0,2326,933,934,0,0,,,,0,933.5
25.700062,96,0,0,2330,933,937,0,0,,,,0,935.0
25.800062,97,0,0,2335,935,943,0,0,,,,0,939.0
25.900063,101,0,0,2344,947,947,0,0,,,,0,947.0
26.000063,101,0,0,2346,949,953,0,0,,,,0,951.0
26.100063,101,0,0,2356,956,958,0,0,,,,0,957.0
26.200064,103,0,0,2359,965,961,0,0,,,,0,963.0
26.300064,103,0,0,2357,972,965,0,0,,,,0,968.5
26.400064,104,0,0,2364,980,969,0,0,,,,0,974.5
26.500065,107,0,0,2369,982,972,0,0,,,,0,977.0
26.600065,108,0,0,2368,988,974,0,0,,,,0,981.0
26.700066,108,0,0,2380,998,983,0,0,,,,0,990.5
26.800066,109,0,0,2385,1005,994,0,0,,,,0,999.5
26.900066,111,0,0,2394,1010,1004,0,0,,,,0,1007.0
27.000067,111,0,0,2399,1012,1011,0,0,,,,0,1011.5
27.100067,112,0,0,2403,1015,1017,0,0,,,,0,1016.0
27.200068,113,0,0,2410,1019,1024,0,0,,,,0,1021.5
27.300068,116,0,0,2417,1026,1033,0,0,,,,0,1029.5
27.400068,116,0,0,2417,1033,1037,0,0,,,,0,1035.0
27.500069,121,0,0,2421,1040,1043,0,0,,,,0,1041.5
27.600069,121,0,0,2429,1050,1047,0,0,,,,0,1048.5
27.700069,123,0,0,2434,1054,1057,0,0,,,,0,1055.5
27.80007,128,0,0,2441,1061,1063,0,0,,,,0,1062.0
27.90007,130,0,0,2446,1069,1065,0,0,,,,0,1067.0
28.000071,133,0,0,2452,1075,1074,0,0,,,,0,1074.5
28.100071,134,0,0,2452,1080,1078,0,0,,,,0,1079.0
28.200071,134,0,0,2457,1083,1085,0,0,,,,0,1084.0
28.300072,136,0,0,2456,1087,1088,0,0,,,,0,1087.5
28.400072,136,0,0,2456,1093,1097,0,0,,,,0,1095.0
28.500072,137,0,0,2465,1097,1107,0,0,,,,0,1102.0
28.600073,140,0,0,2470,1103,1111,0,0,,,,0,1107.0
28.700073,142,0,0,2471,1105,1117,0,0,,,,0,1111.0
28.800074,143,0,0,2470,1109,1123,0,0,,,,0,1116.0
28.900074,149,0,0,2468,1113,1132,0,0,,,,0,1122.5
29.000074,149,0,0,2474,1122,1135,0,0,,,,0,1128.5
29.100075,152,0,0,2478,1128,1141,0,0,,,,0,1134.5
29.200075,152,0,0,2482,1134,1146,0,0,,,,0,1140.0
29.300076,153,0,0,2486,1139,1152,0,0,,,,0,1145.5
29.400076,156,0,0,2487,1142,1156,0,0,,,,0,1149.0
29.500076,157,0,0,2490,1144,1160,0,0,,,,0,1152.0
29.600077,157,0,0,2493,1149,1166,0,0,,,,0,1157.5
29.700077,157,0,0,2499,1154,1166,0,0,,,,0,1160.0
29.800077,161,0,0,2508,1158,1175,0,0,,,,0,1166.5
29.900078,162,0,0,2505,1166,1180,0,0,,,,0,1173.0
30.000078,163,0,0,2508,1173,1184,0,0,,,,0,1178.5
30.100079,165,0,0,2509,1181,1187,0,0,,,,0,1184.0
30.200079,167,0,0,2509,1184,1191,0,0,,,,0,1187.5
30.300079,169,0,0,2514,1191,1199,0,0,,,,0,1195.0
30.40008,169,0,0,2523,1201,1204,0,0,,,,0,1202.5
30.50008,172,0,0,2529,1210,1210,0,0,,,,0,1210.0
30.60008,175,0,0,2530,1213,1212,0,0,,,,0,1212.5
30.700081,176,0,0,2531,1222,1217,0,0,,,,0,1219.5
30.800081,177,0,0,2531,1224,1223,0,0,,,,0,1223.5
30.900082,178,0,0,2539,1236,1230,0,0,,,,0,1233.0
31.000082,182,0,0,2548,1244,1236,0,0,,,,0,1240.0
31.100082,183,0,0,2552,1248,1237,0,0,,,,0,1242.5
31.200083,183,0,0,2559,1250,1242,0,0,,,,0,1246.0
31.300083,185,0,0,2554,1256,1246,0,0,,,,0,1251.0
31.400084,185,0,0,2552,1261,1250,0,0,,,,0,1255.5
31.500084,187,0,0,2558,1268,1257,0,0,,,,0,1262.5
31.600084,190,0,0,2560,1272,1262,0,0,,,,0,1267.0
31.700085,192,0,0,2565,1284,1267,0,0,,,,0,1275.5
31.800085,196,0,0,2569,1290,1276,0,0,,,,0,1283.0
31.900085,197,0,0,2571,1297,1283,0,0,,,,0,1290.0
32.000084,197,0,0,2574,1300,1292,0,0,,,,0,1296.0
32.100082,198,0,0,2576,1303,1299,0,0,,,,0,1301.0
32.200081,198,0,0,2575,1311,1301,0,0,,,,0,1306.0
32.300079,199,0,0,2574,1320,1307,0,0,,,,0,1313.5
32.400078,199,0,0,2577,1325,1319,0,0,,,,0,1322.0
32.500076,202,0,0,2582,1330,1323,0,0,,,,0,1326.5
32.600075,203,0,0,2588,1334,1326,0,0,,,,0,1330.0
32.700073,204,0,0,2588,1341,1326,0,0,,,,0,1333.5
32.800072,206,0,0,2591,1346,1332,0,0,,,,0,1339.0
32.90007,207,0,0,2594,1353,1337,0,0,,,,0,1345.0
33.000069,207,0,0,2599,1363,1343,0,0,,,,0,1353.0
33.100067,208,0,0,2604,1370,1350,0,0,,,,0,1360.0
33.200066,208,0,0,2608,1377,1354,0,0,,,,0,1365.5
33.300064,209,0,0,2615,1383,1362,0,0,,,,0,1372.5
33.400063,210,0,0,2616,1386,1363,0,0,,,,0,1374.5
33.500061,211,0,0,2623,1392,1379,0,0,,,,0,1385.5
33.60006,211,0,0,2629,1396,1385,0,0,,,,0,1390.5
33.700058,214,0,0,2636,1403,1389,0,0,,,,0,1396.0
33.800056,214,0,0,2640,1407,1393,0,0,,,,0,1400.0
33.900055,218,0,0,2640,1414,1400,0,0,,,,0,1407.0
34.000053,218,0,0,2647,1422,1401,0,0,,,,0,1411.5
34.100052,220,0,0,2647,1425,1404,0,0,,,,0,1414.5
34.20005,220,0,0,2651,1433,1410,0,0,,,,0,1421.5
34.300049,221,0,0,2654,1443,1417,0,0,,,,0,1430.0
34.400047,222,0,0,2655,1447,1421,0,0,,,,0,1434.0
34.500046,225,0,0,2662,1458,1429,0,0,,,,0,1443.5
34.600044,228,0,0,2669,1462,1434,0,0,,,,0,1448.0
34.700043,228,0,0,2673,1467,1444,0,0,,,,0,1455.5
34.800041,231,0,0,2677,1475,1454,0,0,,,,0,1464.5
34.90004,233,0,0,2684,1480,1457,0,0,,,,0,1468.5
35.000038,233,0,0,2689,1484,1465,0,0,,,,0,1474.5
35.100037,239,0,0,2693,1491,1468,0,0,,,,0,1479.5
35.200035,241,0,0,2696,1498,1471,0,0,,,,0,1484.5
35.300034,244,0,0,2698,1504,1479,0,0,,,,0,1491.5
35.400032,246,0,0,2700,1507,1486,0,0,,,,0,1496.5
35.500031,250,0,0,2705,1514,1493,0,0,,,,0,1503.5
35.600029,251,0,0,2705,1519,1496,0,0,,,,0,1507.5
35.700027,252,0,0,2705,1524,1499,0,0,,,,0,1511.5
35.800026,252,0,0,2707,1532,1507,0,0,,,,0,1519.5
35.900024,254,0,0,2715,1541,1514,0,0,,,,0,1527.5
36.000023,259,0,0,2719,1548,1520,0,0,,,,0,1534.0
36.100021,261,0,0,2719,1554,1524,0,0,,,,0,1539.0
36.20002,261,0,0,2722,1559,1526,0,0,,,,0,1542.5
36.300018,263,0,0,2720,1567,1531,0,0,,,,0,1549.0
36.400017,265,0,0,2722,1572,1539,0,0,,,,0,1555.5
36.500015,267,0,0,2723,1576,1548,0,0,,,,0,1562.0
36.600014,268,0,0,2729,1578,1556,0,0,,,,0,1567.0
36.700012,269,0,0,2731,1584,1561,0,0,,,,0,1572.5
36.800011,273,0,0,2729,1589,1565,0,0,,,,0,1577.0
36.900009,276,0,0,2732,1597,1570,0,0,,,,0,1583.5
37.000008,280,0,0,2731,1601,1575,0,0,,,,0,1588.0
37.100006,281,0,0,2736,1611,1581,0,0,,,,0,1596.0
37.200005,282,0,0,2740,1616,1587,0,0,,,,0,1601.5
37.300003,283,0,0,2743,1620,1594,0,0,,,,0,1607.0
37.400002,284,0,0,2745,1626,1598,0,0,,,,0,1612.0
37.5,285,0,0,2750,1629,1605,0,0,,,,0,1617.0
37.599998,286,0,0,2748,1632,1608,0,0,,,,0,1620.0
37.699997,288,0,0,2750,1637,1613,0,0,,,,0,1625.0
37.799995,291,0,0,2753,1642,1617,0,0,,,,0,1629.5
37.899994,292,0,0,2755,1645,1620,0,0,,,,0,1632.5
37.999992,294,0,0,2756,1649,1625,0,0,,,,0,1637.0
38.099991,300,0,0,2759,1653,1633,0,0,,,,0,1643.0
38.199989,302,0,0,2759,1661,1638,0,0,,,,0,1649.5
38.299988,304,0,0,2761,1666,1640,0,0,,,,0,1653.0
38.399986,306,0,0,2761,1670,1643,0,0,,,,0,1656.5
38.499985,309,0,0,2760,1675,1646,0,0,,,,0,1660.5
38.599983,310,0,0,2763,1676,1650,0,0,,,,0,1663.0
38.699982,310,0,0,2765,1686,1653,0,0,,,,0,1669.5
38.79998,311,0,0,2774,1694,1661,0,1,,,,0,1677.5
38.899979,312,0,0,2780,1702,1670,0,2,,,,0,1686.0
38.999977,314,0,0,2784,1705,1676,0,2,,,,0,1690.5
39.099976,314,0,0,2784,1711,1681,0,2,,,,0,1696.0
39.199974,315,0,0,2788,1719,1687,0,4,,,,0,1703.0
39.299973,315,0,0,2791,1721,1691,0,4,,,,0,1706.0
39.399971,318,0,0,2789,1723,1694,0,4,,,,0,1708.5
39.499969,320,0,0,2792,1725,1697,0,4,,,,0,1711.0
39.599968,321,0,0,2795,1728,1704,0,4,,,,0,1716.0
39.699966,323,0,0,2800,1734,1710,0,4,,,,0,1722.0
39.799965,325,0,0,2805,1742,1718,0,4,,,,0,1730.0
39.899963,326,0,0,2809,1748,1720,0,5,,,,0,1734.0
39.999962,326,0,0,2812,1751,1727,0,5,,,,0,1739.0
40.09996,328,0,0,2815,1754,1731,0,6,,,,0,1742.5
40.199959,330,0,0,2816,1757,1736,0,7,,,,0,1746.5
40.299957,330,0,0,2817,1760,1740,0,9,,,,0,1750.0
40.399956,330,0,0,2819,1764,1743,0,14,,,,0,1753.5
40.499954,331,0,0,2822,1768,1746,0,15,,,,0,1757.0
40.599953,333,0,0,2825,1772,1753,0,15,,,,0,1762.5
40.699951,334,0,0,2828,1778,1755,0,16,,,,0,1766.5
40.79995,336,0,0,2829,1784,1758,0,16,,,,0,1771.0
40.899948,337,0,0,2833,1789,1763,0,18,,,,0,1776.0
40.999947,338,0,0,2837,1795,1770,0,20,,,,0,1782.5
41.099945,339,0,0,2844,1801,1775,0,23,,,,0,1788.0
41.199944,342,0,0,2849,1807,1778,0,25,,,,0,1792.5
41.299942,343,0,0,2850,1815,1785,0,26,,,,0,1800.0
41.39994,344,0,0,2859,1824,1791,0,27,,,,0,1807.5
41.499939,347,0,0,2859,1830,1795,0,27,,,,0,1812.5
41.599937,347,0,0,2865,1836,1800,0,28,,,,0,1818.0
41.699936,347,0,0,2868,1842,1804,0,28,,,,0,1823.0
41.799934,348,0,0,2870,1845,1804,0,29,,,,0,1824.5
41.899933,349,0,0,2880,1850,1813,0,29,,,,0,1831.5
41.999931,350,0,0,2886,1857,1818,0,29,,,,0,1837.5
42.09993,352,0,0,2894,1861,1823,0,30,,,,0,1842.0
42.199928,353,0,0,2898,1867,1832,0,31,,,,0,1849.5
42.299927,358,0,0,2902,1871,1834,0,31,,,,0,1852.5
42.399925,359,0,0,2910,1877,1837,0,33,,,,0,1857.0
42.499924,360,0,0,2914,1883,1840,0,36,,,,0,1861.5
42.599922,365,0,0,2917,1886,1844,0,37,,,,0,1865.0
42.699921,368,0,0,2922,1890,1852,0,38,,,,0,1871.0
42.799919,370,0,0,2923,1891,1855,0,38,,,,0,1873.0
42.899918,371,0,0,2922,1893,1860,0,40,,,,0,1876.5
42.999916,371,0,0,2926,1895,1867,0,42,,,,0,1881.0
43.099915,371,0,0,2926,1899,1868,0,44,,,,0,1883.5
43.199913,371,0,0,2925,1905,1874,0,46,,,,0,1889.5
43.299911,373,0,0,2933,1909,1885,0,49,,,,0,1897.0
43.39991,376,0,0,2931,1911,1891,0,54,,,,0,1901.0
43.499908,377,0,0,2933,1914,1898,0,54,,,,0,1906.0
43.599907,378,0,0,2931,1917,1903,0,55,,,,0,1910.0
43.699905,378,0,0,2931,1918,1905,0,57,,,,0,1911.5
43.799904,382,0,0,2934,1921,1909,0,57,,,,0,1915.0
43.899902,383,0,0,2937,1923,1913,0,61,,,,0,1918.0
43.999901,385,0,0,2942,1926,1916,0,62,,,,0,1921.0
44.099899,386,0,0,2947,1929,1920,0,64,,,,0,1924.5
44.199898,390,0,0,2950,1933,1923,0,67,,,,0,1928.0
44.299896,391,0,0,2955,1934,1927,0,70,,,,0,1930.5
44.399895,393,0,0,2957,1938,1929,0,75,,,,0,1933.5
44.499893,394,0,0,2961,1944,1934,0,76,,,,0,1939.0
44.599892,400,0,0,2963,1951,1936,0,79,,,,0,1943.5
44.69989,401,0,0,2964,1958,1939,0,81,,,,0,1948.5
44.799889,402,0,0,2965,1965,1944,0,84,,,,0,1954.5
44.899887,403,0,0,2972,1969,1949,0,84,,,,0,1959.0
44.999886,407,0,0,2974,1972,1951,0,86,,,,0,1961.5
45.099884,409,0,0,2976,1974,1952,0,89,,,,0,1963.0
45.199883,411,0,0,2980,1979,1961,0,89,,,,0,1970.0
45.299881,414,0,0,2982,1985,1966,0,90,,,,0,1975.5
45.399879,414,0,0,2988,1991,1971,0,92,,,,0,1981.0
45.499878,414,0,0,2991,1994,1972,0,92,,,,0,1983.0
45.599876,418,0,0,2995,1997,1976,0,98,,,,0,1986.5
45.699875,418,0,0,3004,2003,1978,0,102,,,,0,1990.5
45.799873,420,0,0,3008,2008,1983,0,102,,,,0,1995.5
45.899872,422,0,0,3012,2012,1991,0,103,,,,0,2001.5
45.99987,425,0,0,3013,2015,1996,0,104,,,,0,2005.5
46.099869,429,0,0,3014,2022,1999,0,107,,,,0,2010.5
46.199867,429,0,0,3013,2025,2003,0,111,,,,0,2014.0
46.299866,430,0,0,3014,2030,2007,0,113,,,,0,2018.5
46.399864,432,0,0,3015,2038,2010,0,115,,,,0,2024.0
46.499863,433,0,0,3014,2039,2015,0,116,,,,0,2027.0
46.599861,433,0,0,3021,2044,2022,0,119,,,,0,2033.0
46.69986,434,0,0,3024,2047,2026,0,120,,,,0,2036.5
46.799858,435,0,0,3026,2052,2030,0,121,,,,0,2041.0
46.899857,436,0,0,3029,2054,2034,0,121,,,,0,2044.0
46.999855,438,0,0,3033,2055,2038,0,122,,,,0,2046.5
47.099854,439,1,0,3037,2060,2039,0,123,,,,0,2049.5
47.199852,441,2,0,3039,2060,2042,0,124,,,,0,2051.0
47.29985,442,2,0,3043,2066,2045,0,127,,,,0,2055.5
47.399849,442,3,0,3042,2069,2050,0,127,,,,0,2059.5
47.499847,446,3,0,3041,2077,2055,0,130,,,,0,2066.0
47.599846,448,3,0,3049,2082,2060,0,132,,,,0,2071.0
47.699844,448,4,0,3053,2086,2064,0,135,,,,0,2075.0
47.799843,448,4,0,3055,2095,2069,0,135,,,,0,2082.0
47.899841,448,4,0,3055,2099,2078,0,136,,,,0,2088.5
47.99984,450,4,0,3059,2102,2083,0,139,,,,0,2092.5
48.099838,452,4,0,3067,2108,2089,0,140,,,,0,2098.5
48.199837,455,4,0,3073,2112,2101,0,141,,,,0,2106.5
48.299835,459,4,0,3081,2121,2105,0,143,,,,0,2113.0
48.399834,461,4,0,3086,2127,2113,0,148,,,,0,2120.0
48.499832,461,5,0,3089,2127,2115,0,149,,,,0,2121.0
48.599831,466,5,0,3092,2130,2121,0,152,,,,0,2125.5
48.699829,468,7,0,3092,2136,2131,0,153,,,,0,2133.5
48.799828,469,9,0,3096,2140,2136,0,156,,,,0,2138.0
48.899826,469,9,0,3100,2144,2141,0,160,,,,0,2142.5
48.999825,469,10,0,3103,2145,2144,0,167,,,,0,2144.5
49.099823,471,11,0,3104,2149,2149,0,173,,,,0,2149.0
49.199821,473,11,0,3107,2156,2154,0,177,,,,0,2155.0
49.29982,475,12,0,3108,2161,2157,0,179,,,,0,2159.0
49.399818,477,12,0,3112,2165,2160,0,185,,,,0,2162.5
49.499817,479,12,0,3115,2171,2164,0,188,,,,0,2167.5
49.599815,481,12,0,3118,2174,2167,0,189,,,,0,2170.5
49.699814,482,12,0,3122,2182,2172,0,191,,,,0,2177.0
49.799812,482,12,0,3120,2186,2175,0,193,,,,0,2180.5
49.899811,483,12,0,3123,2187,2180,0,198,,,,0,2183.5
49.999809,483,12,0,3129,2193,2186,0,200,,,,0,2189.5
50.099808,483,12,0,3132,2199,2187,0,200,,,,0,2193.0
50.199806,485,14,0,3138,2201,2193,0,200,,,,0,2197.0
50.299805,485,14,0,3140,2203,2195,0,204,,,,0,2199.0
50.399803,488,16,0,3145,2208,2201,0,207,,,,0,2204.5
50.499802,489,16,0,3149,2211,2205,0,211,,,,0,2208.0
50.5998,490,17,0,3152,2217,2210,0,213,,,,0,2213.5
50.699799,493,18,0,3157,2225,2217,0,215,,,,0,2221.0
50.799797,496,19,0,3159,2228,2219,0,219,,,,0,2223.5
50.899796,497,19,0,3164,2232,2227,0,222,,,,0,2229.5
50.999794,498,20,0,3170,2242,2229,0,223,,,,0,2235.5
51.099792,500,22,0,3171,2244,2233,0,226,,,,0,2238.5
51.199791,500,24,0,3176,2250,2237,0,227,,,,0,2243.5
51.299789,501,25,0,3180,2256,2241,0,234,,,,0,2248.5
51.399788,503,27,0,3187,2261,2241,0,236,,,,0,2251.0
51.499786,503,28,0,3190,2264,2243,0,239,,,,0,2253.5
51.599785,506,28,0,3192,2266,2247,0,243,,,,0,2256.5
51.699783,506,32,0,3193,2272,2252,0,246,,,,0,2262.0
51.799782,508,33,0,3199,2276,2256,0,249,,,,0,2266.0
51.89978,510,36,0,3201,2280,2263,0,253,,,,0,2271.5
51.999779,512,36,0,3203,2282,2265,0,253,,,,0,2273.5
52.099777,513,37,0,3208,2283,2271,0,255,,,,0,2277.0
52.199776,514,38,0,3210,2287,2276,0,257,,,,0,2281.5
52.299774,516,39,0,3212,2293,2281,0,258,,,,0,2287.0
52.399773,516,42,0,3215,2296,2285,0,261,,,,0,2290.5
52.499771,517,43,0,3216,2300,2290,0,261,,,,0,2295.0
52.59977,520,45,0,3222,2308,2295,0,265,,,,0,2301.5
52.699768,520,46,0,3225,2309,2297,0,268,,,,0,2303.0
52.799767,520,47,0,3226,2316,2301,0,270,,,,0,2308.5
52.899765,521,47,0,3228,2318,2307,0,273,,,,0,2312.5
52.999763,522,48,0,3227,2323,2312,0,276,,,,0,2317.5
53.099762,523,51,0,3229,2331,2317,0,279,,,,0,2324.0
53.19976,524,52,0,3231,2334,2317,0,285,,,,0,2325.5
53.299759,526,53,0,3235,2334,2320,0,286,,,,0,2327.0
53.399757,527,55,0,3235,2335,2323,0,288,,,,0,2329.0
53.499756,528,59,0,3239,2342,2327,0,291,,,,0,2334.5
53.599754,530,59,0,3239,2347,2331,0,293,,,,0,2339.0
53.699753,531,60,0,3240,2348,2332,0,298,,,,0,2340.0
53.799751,534,62,0,3242,2354,2337,0,299,,,,0,2345.5
53.89975,536,62,0,3245,2361,2339,0,302,,,,0,2350.0
53.999748,536,65,0,3250,2363,2345,0,303,,,,0,2354.0
54.099747,536,67,0,3256,2370,2345,0,305,,,,0,2357.5
54.199745,538,69,0,3264,2376,2350,0,307,,,,0,2363.0
54.299744,538,71,0,3267,2378,2353,0,311,,,,0,2365.5
54.399742,539,76,0,3270,2384,2356,0,314,,,,0,2370.0
54.499741,540,79,0,3272,2386,2360,0,315,,,,0,2373.0
54.599739,542,85,0,3278,2391,2369,0,317,,,,0,2380.0
54.699738,542,88,0,3281,2395,2372,0,317,,,,0,2383.5
54.799736,544,89,0,3285,2397,2373,0,318,,,,0,2385.0
54.899734,547,93,0,3287,2401,2378,0,323,,,,0,2389.5
54.999733,549,94,0,3292,2403,2384,0,324,,,,0,2393.5
55.099731,550,94,0,3297,2404,2391,0,325,,,,0,2397.5
55.19973,552,98,0,3299,2405,2393,0,326,,,,0,2399.0
55.299728,554,98,0,3301,2407,2394,0,329,,,,0,2400.5
55.399727,555,100,0,3304,2409,2397,0,331,,,,0,2403.0
55.499725,556,103,0,3305,2411,2401,0,334,,,,0,2406.0
55.599724,557,103,0,3310,2417,2403,0,337,,,,0,2410.0
55.699722,557,103,0,3311,2419,2411,0,340,,,,0,2415.0
55.799721,557,107,0,3313,2418,2412,0,342,,,,0,2415.0
55.899719,557,110,0,3316,2420,2417,0,344,,,,0,2418.5
55.999718,558,111,0,3319,2420,2418,0,348,,,,0,2419.0
56.099716,560,112,0,3323,2422,2420,0,350,,,,0,2421.0
56.199715,561,116,0,3325,2426,2422,0,352,,,,0,2424.0
56.299713,562,117,0,3325,2428,2424,0,353,,,,0,2426.0
56.399712,562,123,0,3323,2428,2430,0,355,,,,0,2429.0
56.49971,563,125,0,3325,2429,2435,0,357,,,,0,2432.0
56.599709,565,125,0,3330,2434,2441,0,361,,,,0,2437.5
56.699707,565,126,0,3333,2436,2444,0,365,,,,0,2440.0
56.799706,565,128,0,3338,2442,2445,0,371,,,,0,2443.5
56.899704,565,132,0,3343,2446,2449,0,372,,,,0,2447.5
56.999702,565,139,0,3343,2450,2451,0,374,,,,0,2450.5
57.099701,565,140,0,3347,2454,2456,0,375,,,,0,2455.0
57.199699,565,142,0,3351,2456,2460,0,379,,,,0,2458.0
57.299698,565,143,0,3353,2462,2461,0,380,,,,0,2461.5
57.399696,566,146,0,3355,2464,2461,0,383,,,,0,2462.5
57.499695,566,148,0,3364,2473,2467,0,385,,,,0,2470.0
57.599693,568,149,0,3369,2473,2471,0,385,,,,0,2472.0
57.699692,569,152,0,3371,2477,2476,0,387,,,,0,2476.5
57.79969,570,152,0,3375,2485,2482,0,390,,,,0,2483.5
57.899689,571,157,0,3385,2494,2486,0,393,,,,0,2490.0
57.999687,572,161,0,3389,2499,2488,0,397,,,,0,2493.5
58.099686,572,165,0,3397,2500,2490,0,400,,,,0,2495.0
58.199684,573,166,0,3399,2501,2493,0,402,,,,0,2497.0
58.299683,574,168,0,3402,2505,2496,0,406,,,,0,2500.5
58.399681,574,171,0,3405,2510,2500,0,408,,,,0,2505.0
58.49968,574,173,0,3409,2514,2505,0,410,,,,0,2509.5
58.599678,574,174,0,3410,2520,2508,0,412,,,,0,2514.0
58.699677,575,179,0,3412,2520,2512,0,413,,,,0,2516.0
58.799675,575,183,0,3413,2520,2516,0,415,,,,0,2518.0
58.899673,575,188,0,3417,2526,2520,0,417,,,,0,2523.0
58.999672,575,190,0,3420,2527,2523,0,420,,,,0,2525.0
59.09967,575,191,0,3423,2534,2529,0,425,,,,0,2531.5
59.199669,576,196,0,3427,2537,2533,0,427,,,,0,2535.0
59.299667,576,203,0,3431,2538,2535,0,429,,,,0,2536.5
59.399666,577,207,0,3438,2548,2539,0,430,,,,0,2543.5
59.499664,577,208,0,3441,2556,2541,0,435,,,,0,2548.5
59.599663,577,215,0,3441,2560,2542,0,438,,,,0,2551.0
59.699661,579,219,0,3447,2567,2544,0,444,,,,0,2555.5
59.79966,581,220,0,3452,2571,2549,0,449,,,,0,2560.0
59.899658,582,223,0,3459,2577,2557,0,451,,,,0,2567.0
59.999657,582,224,0,3463,2580,2559,0,453,,,,0,2569.5
60.099655,582,227,0,3466,2584,2562,0,453,,,,0,2573.0
60.199654,582,231,0,3471,2589,2563,0,454,,,,0,2576.0
60.299652,582,235,0,3473,2593,2570,0,456,,,,0,2581.5
60.399651,583,235,0,3478,2595,2575,0,459,,,,0,2585.0
60.499649,583,237,0,3482,2601,2576,0,461,,,,0,2588.5
60.599648,583,241,0,3488,2611,2582,0,464,,,,0,2596.5
60.699646,584,245,0,3495,2613,2587,0,465,,,,0,2600.0
60.799644,587,245,0,3501,2618,2591,0,468,,,,0,2604.5
60.899643,590,249,0,3508,2623,2596,0,469,,,,0,2609.5
60.999641,591,256,0,3511,2631,2602,0,477,,,,0,2616.5
61.09964,592,259,0,3516,2638,2610,0,478,,,,0,2624.0
61.199638,595,263,0,3518,2643,2614,0,482,,,,0,2628.5
61.299637,595,264,0,3520,2647,2614,0,485,,,,0,2630.5
61.399635,595,268,0,3529,2652,2617,0,486,,,,0,2634.5
61.499634,595,275,0,3534,2654,2623,0,487,,,,0,2638.5
61.599632,596,277,0,3538,2657,2627,0,488,,,,0,2642.0
61.699631,596,284,0,3541,2662,2630,0,490,,,,0,2646.0
61.799629,598,286,0,3545,2668,2639,0,494,,,,0,2653.5
61.899628,599,290,0,3550,2673,2644,0,498,,,,0,2658.5
61.999626,600,292,0,3555,2675,2649,0,499,,,,0,2662.0
62.099625,603,292,0,3564,2677,2657,0,500,,,,0,2667.0
62.199623,604,294,0,3573,2681,2658,0,501,,,,0,2669.5
62.299622,605,295,0,3580,2688,2663,0,506,,,,0,2675.5
62.39962,608,296,0,3583,2692,2669,0,512,,,,0,2680.5
62.499619,608,300,0,3589,2700,2675,0,516,,,,0,2687.5
62.599617,610,304,0,3592,2700,2678,0,519,,,,0,2689.0
62.699615,611,308,0,3601,2705,2685,0,522,,,,0,2695.0
62.799614,612,311,0,3615,2711,2690,0,528,,,,0,2700.5
62.899612,612,313,0,3618,2713,2690,0,533,,,,0,2701.5
62.999611,613,317,0,3623,2716,2694,0,536,,,,0,2705.0
63.099609,613,320,0,3630,2720,2696,0,538,,,,0,2708.0
63.199608,615,322,0,3640,2726,2701,0,541,,,,0,2713.5
63.299606,618,327,0,3645,2732,2703,0,547,,,,0,2717.5
63.399605,622,330,0,3657,2741,2709,0,553,,,,0,2725.0
63.499603,623,332,0,3662,2750,2716,0,557,,,,0,2733.0
63.599602,624,339,0,3671,2761,2723,0,561,,,,0,2742.0
63.6996,625,343,0,3682,2765,2730,0,563,,,,0,2747.5
63.799599,626,345,0,3692,2767,2738,0,568,,,,0,2752.5
63.899597,627,346,0,3700,2772,2741,0,571,,,,0,2756.5
63.999596,627,348,0,3714,2777,2749,0,572,,,,0,2763.0
64.099594,632,351,0,3722,2787,2760,0,577,,,,0,2773.5
64.199593,634,352,0,3733,2791,2766,0,580,,,,0,2778.5
64.299591,635,356,0,3739,2794,2770,0,583,,,,0,2782.0
64.39959,635,359,0,3742,2800,2772,0,590,,,,0,2786.0
64.499588,636,360,0,3753,2803,2775,0,592,,,,0,2789.0
64.599586,636,362,0,3765,2814,2780,0,594,,,,0,2797.0
64.699585,638,363,0,3780,2818,2790,0,596,,,,0,2804.0
64.799583,642,366,0,3790,2827,2796,0,598,,,,0,2811.5
64.899582,643,370,0,3796,2833,2803,0,604,,,,0,2818.0
64.99958,643,373,0,3808,2838,2807,0,608,,,,0,2822.5
65.099579,644,378,0,3819,2844,2818,0,611,,,,0,2831.0
65.199577,645,381,0,3827,2850,2819,0,611,,,,0,2834.5
65.299576,647,384,0,3838,2858,2825,0,613,,,,0,2841.5
65.399574,650,390,0,3853,2863,2832,0,617,,,,0,2847.5
65.499573,652,392,0,3857,2869,2837,0,618,,,,0,2853.0
65.599571,654,393,0,3872,2877,2846,0,622,,,,0,2861.5
65.69957,655,398,0,3879,2884,2852,0,626,,,,0,2868.0
65.799568,656,401,0,3889,2895,2856,0,628,,,,0,2875.5
65.899567,660,403,0,3897,2899,2859,0,630,,,,0,2879.0
65.999565,661,407,0,3904,2904,2869,0,630,,,,0,2886.5
66.099564,663,411,0,3914,2913,2874,0,632,,,,0,2893.5
66.199562,664,417,0,3929,2925,2888,0,644,,,,0,2906.5
66.299561,664,417,0,3942,2936,2893,0,646,,,,0,2914.5
66.399559,665,419,0,3949,2944,2899,0,650,,,,0,2921.5
66.499557,666,422,0,3966,2948,2908,0,652,,,,0,2928.0
66.599556,669,427,0,3972,2952,2916,0,654,,,,0,2934.0
66.699554,670,429,0,3982,2961,2926,0,657,,,,0,2943.5
66.799553,672,432,0,3993,2970,2933,0,660,,,,0,2951.5
66.899551,672,435,0,4002,2979,2941,0,665,,,,0,2960.0
66.99955,674,436,0,4012,2983,2953,0,668,,,,0,2968.0
67.099548,676,436,0,4019,2988,2955,0,672,,,,0,2971.5
67.199547,678,437,0,4035,2999,2963,0,674,,,,0,2981.0
67.299545,679,441,0,4045,3003,2971,0,678,,,,0,2987.0
67.399544,683,445,0,4054,3017,2986,0,682,,,,0,3001.5
67.499542,683,447,0,4062,3024,2992,0,682,,,,0,3008.0
67.599541,683,449,0,4074,3026,3010,0,684,,,,0,3018.0
67.699539,684,450,0,4081,3035,3018,0,685,,,,0,3026.5
67.799538,688,458,0,4098,3050,3028,0,688,,,,0,3039.0
67.899536,690,461,0,4111,3063,3036,0,693,,,,0,3049.5
67.999535,690,464,0,4121,3075,3044,0,695,,,,0,3059.5
68.099533,691,467,0,4139,3081,3049,0,696,,,,0,3065.0
68.199532,695,471,0,4152,3090,3059,0,698,,,,0,3074.5
68.29953,698,474,0,4171,3100,3070,0,699,,,,0,3085.0
68.399529,699,477,0,4184,3110,3077,0,703,,,,0,3093.5
68.499527,703,480,0,4194,3122,3084,0,709,,,,0,3103.0
68.599525,704,489,0,4201,3129,3088,0,715,,,,0,3108.5
68.699524,705,491,0,4211,3140,3096,0,722,,,,0,3118.0
68.799522,708,495,0,4225,3146,3103,0,727,,,,0,3124.5
68.899521,711,498,0,4236,3159,3112,0,730,,,,0,3135.5
68.999519,712,501,0,4250,3168,3119,0,734,,,,0,3143.5
69.099518,712,504,0,4261,3175,3124,0,739,,,,0,3149.5
69.199516,715,504,0,4270,3180,3131,0,745,,,,1,3155.5
69.299515,716,507,0,4283,3187,3140,0,748,,,,1,3163.5
69.399513,717,509,0,4298,3197,3148,0,749,,,,1,3172.5
69.499512,720,511,0,4304,3202,3159,0,757,,,,1,3180.5
69.59951,722,514,0,4323,3206,3167,0,760,,,,1,3186.5
69.699509,723,519,0,4336,3218,3176,0,764,,,,1,3197.0
69.799507,726,520,0,4352,3223,3188,0,767,,,,1,3205.5
69.899506,727,523,0,4361,3229,3195,0,769,,,,1,3212.0
69.999504,728,526,0,4376,3235,3203,0,772,,,,1,3219.0
70.099503,729,528,0,4389,3239,3213,0,784,,,,1,3226.0
70.199501,731,529,0,4400,3244,3221,0,788,,,,1,3232.5
70.2995,732,531,0,4412,3248,3226,0,792,,,,1,3237.0
70.399498,735,535,0,4426,3257,3230,0,794,,,,1,3243.5
70.499496,738,540,0,4439,3267,3241,0,799,,,,1,3254.0
70.599495,741,540,0,4452,3270,3246,0,802,,,,1,3258.0
70.699493,742,546,0,4459,3274,3254,0,806,,,,1,3264.0
70.799492,742,547,0,4472,3280,3256,0,806,,,,1,3268.0
70.89949,744,551,0,4486,3288,3268,0,810,,,,1,3278.0
70.999489,745,562,0,4491,3295,3272,0,815,,,,1,3283.5
71.099487,746,564,0,4501,3298,3277,0,819,,,,1,3287.5
71.199486,746,569,0,4506,3308,3285,0,821,,,,1,3296.5
71.299484,745,572,0,4519,3317,3290,0,827,,,,1,3303.5
71.399483,746,576,0,4526,3320,3296,0,829,,,,1,3308.0
71.499481,748,583,0,4540,3329,3304,0,835,,,,1,3316.5
71.59948,751,587,0,4553,3335,3314,0,837,,,,1,3324.5
71.699478,753,592,0,4562,3342,3321,0,842,,,,1,3331.5
71.799477,755,600,0,4576,3348,3332,0,847,,,,1,3340.0
71.899475,755,605,0,4586,3352,3341,0,852,,,,1,3346.5
71.999474,755,609,0,4597,3359,3346,0,855,,,,1,3352.5
72.099472,757,610,0,4605,3368,3350,0,859,,,,1,3359.0
72.199471,762,613,0,4615,3377,3356,0,859,,,,1,3366.5
72.299469,767,617,0,4625,3389,3365,0,863,,,,1,3377.0
72.399467,769,620,0,4636,3399,3371,0,865,,,,1,3385.0
72.499466,772,623,0,4648,3406,3375,0,872,,,,1,3390.5
72.599464,775,630,0,4657,3412,3384,0,877,,,,1,3398.0
72.699463,775,636,0,4665,3414,3389,0,881,,,,1,3401.5
72.799461,777,642,0,4686,3419,3400,0,887,,,,1,3409.5
72.89946,781,647,0,4702,3431,3411,0,892,,,,1,3421.0
72.999458,783,650,0,4708,3437,3420,0,900,,,,1,3428.5
73.099457,787,658,0,4721,3453,3435,0,911,,,,1,3444.0
73.199455,790,666,0,4731,3466,3445,0,916,,,,1,3455.5
73.299454,793,673,0,4736,3473,3453,0,924,,,,1,3463.0
73.399452,793,680,0,4746,3489,3460,0,934,,,,1,3474.5
73.499451,796,687,0,4757,3496,3465,0,936,,,,1,3480.5
73.599449,796,690,0,4766,3503,3471,0,941,,,,1,3487.0
73.699448,797,693,0,4779,3507,3480,0,945,,,,1,3493.5
73.799446,797,696,0,4788,3514,3487,0,950,,,,1,3500.5
73.899445,799,698,0,4797,3520,3492,0,954,,,,1,3506.0
73.999443,801,704,0,4810,3524,3500,0,955,,,,1,3512.0
74.099442,801,705,0,4817,3528,3507,0,956,,,,1,3517.5
74.19944,802,712,0,4833,3537,3520,0,961,,,,1,3528.5
74.299438,802,719,0,4838,3541,3525,0,964,,,,1,3533.0
74.399437,804,722,0,4849,3546,3534,0,969,,,,1,3540.0
74.499435,803,724,0,4857,3552,3539,0,974,,,,1,3545.5
74.599434,804,731,0,4864,3557,3546,0,977,,,,1,3551.5
74.699432,805,739,0,4877,3567,3553,0,986,,,,1,3560.0
74.799431,805,743,0,4891,3577,3557,0,990,,,,1,3567.0
74.899429,807,750,0,4904,3586,3566,0,994,,,,1,3576.0
74.999428,812,752,0,4915,3596,3570,0,997,,,,1,3583.0
75.099426,813,757,0,4934,3607,3579,0,1001,,,,1,3593.0
75.199425,815,764,0,4944,3615,3585,0,1005,,,,1,3600.0
75.299423,819,766,0,4955,3619,3591,0,1009,,,,1,3605.0
75.399422,821,771,0,4962,3624,3596,0,1012,,,,1,3610.0
75.49942,821,778,0,4972,3633,3602,0,1012,,,,1,3617.5
75.599419,823,785,0,4984,3648,3615,0,1018,,,,1,3631.5
75.699417,824,787,0,4995,3654,3622,0,1022,,,,1,3638.0
75.799416,824,792,0,5004,3665,3627,0,1028,,,,1,3646.0
75.899414,825,799,0,5011,3672,3632,0,1031,,,,1,3652.0
75.999413,826,804,0,5022,3681,3637,0,1035,,,,1,3659.0
76.099411,828,807,0,5037,3686,3644,0,1039,,,,1,3665.0
76.199409,830,811,0,5049,3692,3650,0,1045,,,,1,3671.0
76.299408,832,821,0,5059,3704,3663,0,1053,,,,1,3683.5
76.399406,834,824,0,5074,3713,3669,0,1059,,,,1,3691.0
76.499405,834,828,0,5089,3721,3676,0,1065,,,,1,3698.5
76.599403,836,832,0,5103,3729,3677,0,1067,,,,1,3703.0
76.699402,837,835,0,5110,3730,3685,0,1068,,,,1,3707.5
76.7994,836,837,0,5124,3730,3689,0,1068,,,,1,3709.5
76.899399,836,839,0,5139,3735,3693,0,1072,,,,1,3714.0
76.999397,837,843,0,5147,3740,3698,0,1075,,,,1,3719.0
77.099396,840,846,0,5155,3747,3707,0,1082,,,,1,3727.0
77.199394,841,849,0,5165,3751,3710,0,1084,,,,1,3730.5
77.299393,841,853,0,5175,3757,3719,0,1089,,,,1,3738.0
77.399391,843,860,0,5185,3759,3727,0,1091,,,,1,3743.0
77.49939,843,866,0,5189,3765,3738,0,1099,,,,1,3751.5
77.599388,847,869,0,5193,3773,3744,0,1107,,,,1,3758.5
77.699387,846,874,0,5201,3780,3749,0,1111,,,,1,3764.5
77.799385,846,877,0,5210,3789,3755,0,1115,,,,1,3772.0
77.899384,848,878,0,5225,3797,3763,0,1122,,,,1,3780.0
77.999382,848,884,0,5232,3799,3769,0,1125,,,,1,3784.0
78.09938,849,889,0,5241,3807,3776,0,1128,,,,1,3791.5
78.199379,849,895,0,5256,3811,3781,0,1129,,,,1,3796.0
78.299377,850,897,0,5278,3817,3793,0,1133,,,,1,3805.0
78.399376,850,904,0,5290,3826,3800,0,1143,,,,1,3813.0
78.499374,851,909,0,5301,3830,3808,0,1149,,,,1,3819.0
78.599373,852,911,0,5315,3837,3814,0,1154,,,,1,3825.5
78.699371,854,915,0,5329,3847,3824,0,1157,,,,1,3835.5
78.79937,853,917,0,5342,3851,3826,0,1159,,,,1,3838.5
78.899368,855,926,0,5351,3861,3835,0,1167,,,,1,3848.0
78.999367,856,932,0,5360,3871,3845,0,1175,,,,1,3858.0
79.099365,858,937,0,5370,3880,3849,0,1180,,,,1,3864.5
79.199364,859,939,0,5379,3882,3857,0,1188,,,,1,3869.5
79.299362,861,943,0,5396,3893,3867,0,1191,,,,1,3880.0
79.399361,861,949,0,5409,3898,3878,0,1200,,,,1,3888.0
79.499359,862,951,0,5418,3901,3888,0,1203,,,,1,3894.5
79.599358,862,954,0,5427,3899,3897,0,1206,,,,1,3898.0
79.699356,864,958,0,5436,3907,3898,0,1207,,,,1,3902.5
79.799355,865,965,0,5451,3920,3903,0,1210,,,,1,3911.5
79.899353,869,968,0,5461,3924,3906,0,1215,,,,1,3915.0
79.999352,869,970,0,5475,3931,3911,0,1218,,,,1,3921.0
80.09935,869,976,0,5486,3934,3915,0,1219,,,,1,3924.5
80.199348,870,982,0,5498,3946,3924,0,1222,,,,1,3935.0
80.299347,873,989,0,5516,3956,3936,0,1229,,,,1,3946.0
80.399345,874,993,0,5525,3962,3940,0,1230,,,,1,3951.0
80.499344,878,998,0,5539,3975,3946,0,1235,,,,1,3960.5
80.599342,882,1006,0,5545,3989,3954,0,1244,,,,1,3971.5
80.699341,883,1017,0,5553,3995,3965,0,1248,,,,1,3980.0
80.799339,884,1022,0,5569,4001,3974,0,1255,,,,1,3987.5
80.899338,885,1031,0,5578,4006,3972,0,1257,,,,1,3989.0
80.999336,885,1035,0,5585,4008,3968,0,1261,,,,1,3988.0
81.099335,886,1043,0,5596,4016,3972,0,1264,,,,1,3994.0
81.199333,886,1050,0,5607,4018,3975,0,1266,,,,1,3996.5
81.299332,887,1053,0,5617,4020,3986,0,1267,,,,1,4003.0
81.39933,889,1056,0,5628,4028,3988,0,1273,,,,1,4008.0
81.499329,889,1059,0,5642,4035,3998,0,1275,,,,1,4016.5
81.599327,892,1061,0,5654,4042,4003,0,1280,,,,1,4022.5
81.699326,895,1063,0,5664,4043,4007,0,1284,,,,1,4025.0
81.799324,898,1069,0,5675,4050,4013,0,1288,,,,1,4031.5
81.899323,899,1072,0,5683,4052,4015,0,1292,,,,1,4033.5
81.999321,899,1074,0,5689,4052,4018,0,1297,,,,1,4035.0
82.099319,902,1077,0,5702,4053,4020,0,1298,,,,1,4036.5
82.199318,902,1081,0,5717,4061,4023,0,1300,,,,1,4042.0
82.299316,903,1086,0,5727,4062,4022,0,1303,,,,1,4042.0
82.399315,904,1086,0,5734,4066,4022,0,1308,,,,1,4044.0
82.499313,909,1088,0,5740,4072,4023,0,1309,,,,1,4047.5
82.599312,911,1089,0,5751,4074,4024,0,1310,,,,1,4049.0
82.69931,912,1094,0,5759,4078,4024,0,1315,,,,1,4051.0
82.799309,913,1096,0,5773,4085,4026,0,1318,,,,1,4055.5
82.899307,913,1104,0,5782,4094,4034,0,1323,,,,1,4064.0
82.999306,913,1107,0,5790,4095,4037,0,1324,,,,1,4066.0
83.099304,913,1109,0,5801,4096,4038,0,1325,,,,1,4067.0
83.199303,913,1117,0,5809,4097,4039,0,1328,,,,1,4068.0
83.299301,914,1125,0,5826,4100,4044,0,1330,,,,1,4072.0
83.3993,914,1128,0,5832,4103,4046,0,1332,,,,1,4074.5
83.499298,918,1130,0,5845,4111,4050,0,1335,,,,1,4080.5
83.599297,919,1133,0,5857,4111,4054,0,1337,,,,1,4082.5
83.699295,919,1136,0,5871,4116,4061,0,1342,,,,1,4088.5
83.799294,919,1138,0,5881,4116,4062,0,1345,,,,1,4089.0
83.899292,922,1139,0,5891,4120,4071,0,1348,,,,1,4095.5
83.99929,925,1141,0,5910,4122,4080,0,1350,,,,1,4101.0
84.099289,926,1146,0,5919,4130,4085,0,1355,,,,1,4107.5
84.199287,926,1151,0,5930,4132,4089,0,1359,,,,1,4110.5
84.299286,925,1154,0,5942,4135,4094,0,1362,,,,1,4114.5
84.399284,926,1157,0,5960,4138,4097,0,1363,,,,1,4117.5
84.499283,930,1161,0,5974,4150,4102,0,1366,,,,1,4126.0
84.599281,930,1165,0,5986,4154,4106,0,1369,,,,1,4130.0
84.69928,930,1175,0,5999,4158,4106,0,1371,,,,1,4132.0
84.799278,930,1175,0,6011,4164,4103,0,1372,,,,1,4133.5
84.899277,930,1181,0,6021,4167,4109,0,1375,,,,1,4138.0
84.999275,931,1186,0,6035,4171,4118,0,1380,,,,1,4144.5
85.099274,931,1189,0,6044,4164,4127,0,1381,,,,1,4145.5
85.199272,932,1190,0,6054,4167,4127,0,1385,,,,1,4147.0
85.299271,934,1194,0,6068,4173,4131,0,1388,,,,1,4152.0
85.399269,936,1195,0,6080,4178,4134,0,1390,,,,1,4156.0
85.499268,937,1199,0,6094,4181,4139,0,1395,,,,1,4160.0
85.599266,936,1202,0,6107,4183,4145,0,1398,,,,1,4164.0
85.699265,937,1205,0,6118,4181,4148,0,1401,,,,1,4164.5
85.799263,940,1206,0,6128,4182,4155,0,1407,,,,1,4168.5
85.899261,941,1210,0,6133,4187,4158,0,1411,,,,1,4172.5
85.99926,941,1211,0,6144,4192,4163,0,1415,,,,1,4177.5
86.099258,946,1213,0,6156,4197,4165,0,1417,,,,1,4181.0
86.199257,948,1216,0,6177,4203,4167,0,1418,,,,1,4185.0
86.299255,951,1222,0,6197,4209,4174,0,1421,,,,1,4191.5
86.399254,951,1225,0,6205,4211,4179,0,1424,,,,1,4195.0
86.499252,951,1228,0,6213,4213,4182,0,1425,,,,1,4197.5
86.599251,949,1231,0,6222,4214,4186,0,1426,,,,1,4200.0
86.699249,949,1235,0,6239,4218,4190,0,1428,,,,1,4204.0
86.799248,951,1236,0,6254,4219,4192,0,1428,,,,1,4205.5
86.899246,952,1237,0,6265,4221,4191,0,1432,,,,1,4206.0
86.999245,954,1240,0,6277,4220,4198,0,1434,,,,1,4209.0
87.099243,955,1240,0,6287,4222,4202,0,1438,,,,1,4212.0
87.199242,955,1247,0,6298,4229,4204,0,1444,,,,1,4216.5
87.29924,955,1251,0,6312,4231,4209,0,1446,,,,1,4220.0
87.399239,958,1255,0,6324,4234,4212,0,1450,,,,1,4223.0
87.499237,958,1257,0,6332,4230,4216,0,1453,,,,1,4223.0
87.599236,960,1260,0,6342,4232,4217,0,1456,,,,1,4224.5
87.699234,959,1262,0,6351,4232,4221,0,1457,,,,1,4226.5
87.799232,960,1265,0,6366,4232,4223,0,1458,,,,1,4227.5
87.899231,960,1266,0,6381,4241,4226,0,1459,,,,1,4233.5
87.999229,961,1273,0,6391,4245,4229,0,1461,,,,1,4237.0
88.099228,960,1274,0,6404,4248,4231,0,1463,,,,1,4239.5
88.199226,961,1278,0,6415,4250,4235,0,1467,,,,1,4242.5
88.299225,961,1287,0,6421,4252,4238,0,1472,,,,1,4245.0
88.399223,963,1288,0,6430,4254,4239,0,1479,,,,1,4246.5
88.499222,964,1291,0,6446,4258,4240,0,1482,,,,1,4249.0
88.59922,967,1298,0,6457,4261,4247,0,1487,,,,1,4254.0
88.699219,967,1306,0,6461,4266,4253,0,1490,,,,1,4259.5
88.799217,968,1307,0,6473,4272,4253,0,1490,,,,1,4262.5
88.899216,968,1318,0,6485,4276,4259,0,1497,,,,1,4267.5
88.999214,968,1321,0,6496,4275,4260,0,1500,,,,1,4267.5
89.099213,970,1329,0,6506,4281,4265,0,1503,,,,1,4273.0
89.199211,972,1332,0,6521,4285,4267,0,1506,,,,1,4276.0
89.29921,972,1339,0,6531,4289,4269,0,1509,,,,1,4279.0
89.399208,973,1344,0,6535,4293,4270,0,1510,,,,1,4281.5
89.499207,975,1354,0,6543,4297,4274,0,1513,,,,1,4285.5
89.599205,974,1354,0,6553,4299,4274,0,1513,,,,1,4286.5
89.699203,975,1357,0,6564,4303,4275,0,1517,,,,1,4289.0
89.799202,973,1361,0,6575,4300,4275,0,1517,,,,1,4287.5
89.8992,976,1365,0,6590,4301,4280,0,1519,,,,1,4290.5
89.999199,976,1374,0,6603,4305,4284,0,1524,,,,1,4294.5
90.099197,978,1377,0,6610,4307,4283,0,1526,,,,1,4295.0
90.199196,978,1383,0,6623,4309,4287,0,1530,,,,1,4298.0
90.299194,979,1384,0,6630,4312,4286,0,1532,,,,1,4299.0
90.399193,981,1390,0,6643,4312,4290,0,1535,,,,1,4301.0
90.499191,983,1397,0,6650,4316,4300,0,1539,,,,1,4308.0
90.59919,984,1400,0,6661,4313,4301,0,1543,,,,1,4307.0
90.699188,984,1406,0,6673,4314,4305,0,1545,,,,1,4309.5
90.799187,987,1410,0,6685,4313,4305,0,1546,,,,1,4309.0
90.899185,989,1413,0,6695,4316,4310,0,1551,,,,1,4313.0
90.999184,990,1415,0,6707,4316,4315,0,1553,,,,1,4315.5
91.099182,993,1420,0,6723,4323,4325,0,1558,,,,1,4324.0
91.199181,995,1427,0,6734,4329,4333,0,1567,,,,1,4331.0
91.299179,998,1432,0,6747,4332,4337,0,1571,,,,1,4334.5
91.399178,999,1434,0,6756,4330,4339,0,1571,,,,1,4334.5
91.499176,999,1437,0,6769,4330,4342,0,1571,,,,1,4336.0
91.599174,1000,1439,0,6780,4328,4340,0,1574,,,,1,4334.0
91.699173,1003,1443,0,6789,4327,4339,0,1578,,,,1,4333.0
91.799171,1002,1445,0,6794,4327,4342,0,1581,,,,1,4334.5
91.89917,1004,1451,0,6805,4332,4344,0,1582,,,,1,4338.0
91.999168,1004,1457,0,6819,4337,4339,0,1587,,,,1,4338.0
92.099167,1005,1460,0,6829,4335,4341,0,1590,,,,1,4338.0
92.199165,1005,1464,0,6837,4338,4342,0,1595,,,,1,4340.0
92.299164,1005,1469,0,6846,4341,4342,0,1599,,,,1,4341.5
92.399162,1008,1474,0,6861,4344,4345,0,1601,,,,1,4344.5
92.499161,1008,1476,0,6869,4346,4341,0,1603,,,,1,4343.5
92.599159,1011,1476,0,6885,4347,4342,0,1603,,,,1,4344.5
92.699158,1015,1478,0,6892,4348,4346,0,1605,,,,1,4347.0
92.799156,1018,1481,0,6905,4356,4353,0,1609,,,,1,4354.5
92.899155,1019,1483,0,6916,4354,4356,0,1613,,,,1,4355.0
92.999153,1021,1487,0,6923,4354,4356,0,1619,,,,1,4355.0
93.099152,1020,1492,0,6938,4359,4360,0,1623,,,,1,4359.5
93.19915,1021,1494,0,6951,4363,4360,0,1626,,,,1,4361.5
93.299149,1023,1495,0,6958,4361,4365,0,1626,,,,1,4363.0
93.399147,1026,1496,0,6969,4365,4366,0,1627,,,,1,4365.5
93.499146,1030,1498,0,6979,4367,4366,0,1629,,,,1,4366.5
93.599144,1033,1508,0,6988,4374,4370,0,1634,,,,1,4372.0
93.699142,1035,1514,0,7002,4379,4377,0,1639,,,,1,4378.0
93.799141,1035,1517,0,7013,4384,4382,0,1641,,,,1,4383.0
93.899139,1034,1521,0,7026,4389,4384,0,1646,,,,1,4386.5
93.999138,1035,1523,0,7039,4389,4382,0,1648,,,,1,4385.5
94.099136,1037,1525,0,7058,4390,4386,0,1650,,,,1,4388.0
94.199135,1037,1530,0,7064,4391,4390,0,1657,,,,1,4390.5
94.299133,1037,1531,0,7073,4395,4394,0,1661,,,,1,4394.5
94.399132,1039,1533,0,7082,4396,4396,0,1663,,,,1,4396.0
94.49913,1038,1538,0,7087,4399,4399,0,1670,,,,1,4399.0
94.599129,1043,1543,0,7100,4400,4406,0,1673,,,,1,4403.0
94.699127,1046,1544,0,7115,4402,4409,0,1674,,,,1,4405.5
94.799126,1051,1545,0,7124,4405,4410,0,1677,,,,1,4407.5
94.899124,1055,1547,0,7140,4402,4413,0,1679,,,,1,4407.5
94.999123,1057,1549,0,7150,4405,4415,0,1683,,,,1,4410.0
95.099121,1056,1551,0,7154,4403,4417,0,1686,,,,1,4410.0
95.19912,1057,1553,0,7166,4406,4421,0,1689,,,,1,4413.5
95.299118,1059,1559,0,7177,4408,4427,0,1696,,,,1,4417.5
95.399117,1059,1564,0,7183,4408,4429,0,1699,,,,1,4418.5
95.499115,1061,1566,0,7189,4406,4429,0,1700,,,,1,4417.5
95.599113,1062,1568,0,7194,4408,4433,0,1701,,,,1,4420.5
95.699112,1062,1572,0,7201,4409,4437,0,1707,,,,1,4423.0
95.79911,1066,1573,0,7216,4413,4438,0,1711,,,,1,4425.5
95.899109,1070,1574,0,7222,4416,4436,0,1711,,,,1,4426.0
95.999107,1072,1576,0,7230,4417,4436,0,1712,,,,1,4426.5
96.099106,1071,1580,0,7235,4418,4439,0,1716,,,,1,4428.5
96.199104,1073,1587,0,7248,4428,4448,0,1720,,,,1,4438.0
96.299103,1071,1589,0,7261,4432,4451,0,1724,,,,1,4441.5
96.399101,1071,1594,0,7268,4434,4451,0,1729,,,,1,4442.5
96.4991,1075,1594,0,7281,4434,4446,0,1730,,,,1,4440.0
96.599098,1075,1603,0,7293,4431,4447,0,1733,,,,1,4439.0
96.699097,1078,1605,0,7307,4432,4455,0,1735,,,,1,4443.5
96.799095,1081,1605,0,7319,4431,4454,0,1735,,,,1,4442.5
96.899094,1083,1609,0,7332,4432,4451,0,1737,,,,1,4441.5
96.999092,1088,1614,0,7343,4434,4455,0,1738,,,,1,4444.5
97.099091,1087,1619,0,7353,4438,4460,0,1745,,,,1,4449.0
97.199089,1086,1627,0,7374,4448,4468,0,1754,,,,1,4458.0
97.299088,1086,1627,0,7387,4446,4472,0,1755,,,,1,4459.0
97.399086,1086,1631,0,7398,4451,4473,0,1758,,,,1,4462.0
97.499084,1088,1637,0,7407,4454,4475,0,1761,,,,1,4464.5
97.599083,1089,1641,0,7419,4457,4469,0,1765,,,,1,4463.0
97.699081,1091,1645,0,7434,4459,4473,0,1769,,,,1,4466.0
97.79908,1095,1647,0,7447,4464,4474,0,1771,,,,1,4469.0
97.899078,1096,1655,0,7456,4468,4473,0,1775,,,,1,4470.5
97.999077,1099,1660,0,7472,4472,4472,0,1781,,,,1,4472.0
98.099075,1099,1667,0,7482,4476,4480,0,1789,,,,1,4478.0
98.199074,1102,1670,0,7494,4477,4483,0,1792,,,,1,4480.0
98.299072,1103,1674,0,7509,4481,4489,0,1795,,,,1,4485.0
98.399071,1107,1679,0,7522,4482,4488,0,1796,,,,1,4485.0
98.499069,1111,1679,0,7539,4484,4492,0,1797,,,,1,4488.0
98.599068,1113,1685,0,7547,4483,4494,0,1800,,,,1,4488.5
98.699066,1115,1688,0,7563,4483,4497,0,1801,,,,1,4490.0
98.799065,1121,1691,0,7575,4485,4501,0,1803,,,,1,4493.0
98.899063,1121,1695,0,7589,4484,4503,0,1806,,,,1,4493.5
98.999062,1124,1703,0,7601,4487,4507,0,1813,,,,1,4497.0
99.09906,1129,1708,0,7619,4488,4508,0,1815,,,,1,4498.0
99.199059,1133,1709,0,7631,4488,4506,0,1820,,,,1,4497.0
99.299057,1138,1710,0,7644,4492,4509,0,1821,,,,1,4500.5
99.399055,1139,1713,0,7658,4496,4507,0,1824,,,,1,4501.5
99.499054,1141,1719,0,7677,4503,4510,0,1826,,,,1,4506.5
99.599052,1146,1721,0,7693,4502,4514,0,1826,,,,1,4508.0
99.699051,1147,1723,0,7708,4502,4510,0,1828,,,,1,4506.0
99.799049,1149,1723,0,7715,4501,4507,0,1830,,,,1,4504.0
99.899048,1150,1725,0,7736,4500,4513,0,1834,,,,1,4506.5
99.999046,1153,1730,0,7754,4506,4516,0,1838,,,,1,4511.0
100.099045,1156,1734,0,7769,4510,4522,0,1839,,,,1,4516.0
100.199043,1160,1738,0,7785,4510,4524,0,1842,,,,1,4517.0
100.299042,1162,1742,0,7799,4514,4531,0,1845,,,,1,4522.5
100.39904,1163,1743,0,7812,4515,4534,0,1846,,,,1,4524.5
100.499039,1164,1745,0,7829,4519,4538,0,1847,,,,1,4528.5
100.599037,1166,1747,0,7838,4520,4535,0,1846,,,,1,4527.5
100.699036,1169,1751,0,7856,4523,4536,0,1849,,,,1,4529.5
100.799034,1170,1755,0,7877,4525,4534,0,1852,,,,1,4529.5
100.899033,1174,1763,0,7892,4528,4541,0,1859,,,,1,4534.5
100.999031,1178,1764,0,7906,4536,4546,0,1861,,,,1,4541.0
101.09903,1179,1769,0,7918,4538,4549,0,1863,,,,1,4543.5
101.199028,1179,1773,0,7931,4542,4556,0,1869,,,,1,4549.0
101.299026,1182,1776,0,7941,4541,4558,0,1872,,,,1,4549.5
101.399025,1183,1784,0,7956,4551,4564,0,1878,,,,1,4557.5
101.499023,1185,1785,0,7973,4553,4568,0,1880,,,,1,4560.5
101.599022,1189,1787,0,7989,4557,4569,0,1881,,,,1,4563.0
101.69902,1194,1792,0,8007,4563,4576,0,1887,,,,1,4569.5
101.799019,1195,1796,0,8015,4572,4580,0,1892,,,,1,4576.0
101.899017,1200,1798,0,8030,4577,4584,0,1894,,,,1,4580.5
101.999016,1203,1803,0,8049,4579,4592,0,1895,,,,1,4585.5
102.099014,1203,1805,0,8062,4581,4598,0,1898,,,,1,4589.5
102.199013,1204,1810,0,8080,4585,4604,0,1903,,,,1,4594.5
102.299011,1209,1811,0,8092,4584,4601,0,1904,,,,1,4592.5
102.39901,1209,1817,0,8106,4589,4605,0,1908,,,,1,4597.0
102.499008,1214,1822,0,8139,4598,4615,0,1915,,,,1,4606.5
102.599007,1213,1824,0,8167,4597,4619,0,1916,,,,1,4608.0
102.699005,1218,1829,0,8187,4603,4628,0,1920,,,,1,4615.5
102.799004,1219,1835,0,8213,4611,4636,0,1924,,,,1,4623.5
102.899002,1222,1840,0,8232,4619,4641,0,1928,,,,1,4630.0
102.999001,1225,1848,0,8260,4628,4644,0,1932,,,,1,4636.0
103.098999,1228,1851,0,8275,4633,4650,0,1937,,,,1,4641.5
103.198997,1231,1853,0,8292,4634,4652,0,1937,,,,1,4643.0
103.298996,1235,1858,0,8307,4644,4661,0,1943,,,,1,4652.5
103.398994,1239,1861,0,8327,4647,4666,0,1946,,,,1,4656.5
103.498993,1239,1866,0,8345,4652,4671,0,1950,,,,1,4661.5
103.598991,1240,1874,0,8360,4662,4679,0,1955,,,,1,4670.5
103.69899,1245,1883,0,8374,4671,4682,0,1960,,,,1,4676.5
103.798988,1247,1887,0,8385,4672,4686,0,1963,,,,1,4679.0
103.898987,1246,1892,0,8403,4678,4692,0,1969,,,,1,4685.0
103.998985,1248,1895,0,8427,4683,4693,0,1971,,,,1,4688.0
104.098984,1249,1899,0,8444,4685,4702,0,1974,,,,1,4693.5
104.198982,1247,1903,0,8459,4690,4708,0,1977,,,,1,4699.0
104.298981,1249,1905,0,8486,4697,4714,0,1980,,,,1,4705.5
104.398979,1250,1909,0,8515,4699,4719,0,1984,,,,1,4709.0
104.498978,1251,1912,0,8536,4706,4731,0,1987,,,,1,4718.5
104.598976,1254,1916,0,8555,4709,4733,0,1990,,,,1,4721.0
104.698975,1258,1922,0,8580,4718,4739,0,1994,,,,1,4728.5
104.798973,1260,1926,0,8603,4726,4747,0,1998,,,,1,4736.5
104.898972,1262,1927,0,8625,4724,4753,0,2000,,,,1,4738.5
104.99897,1265,1935,0,8647,4730,4754,0,2006,,,,1,4742.0
105.098969,1272,1938,0,8663,4736,4759,0,2010,,,,1,4747.5
105.198967,1276,1946,0,8683,4746,4766,0,2014,,,,1,4756.0
105.298965,1278,1955,0,8707,4758,4778,0,2021,,,,1,4768.0
105.398964,1278,1959,0,8722,4757,4782,0,2025,,,,1,4769.5
105.498962,1282,1965,0,8757,4766,4788,0,2029,,,,1,4777.0
105.598961,1288,1970,0,8784,4779,4793,0,2033,,,,1,4786.0
105.698959,1290,1977,0,8797,4786,4795,0,2038,,,,1,4790.5
105.798958,1296,1983,0,8818,4791,4804,0,2043,,,,1,4797.5
105.898956,1300,1989,0,8842,4798,4815,0,2050,,,,1,4806.5
105.998955,1302,1995,0,8859,4804,4820,0,2056,,,,1,4812.0
106.098953,1306,1999,0,8888,4811,4824,0,2060,,,,1,4817.5
106.198952,1314,2003,0,8905,4814,4823,0,2064,,,,1,4818.5
106.29895,1318,2005,0,8931,4819,4830,0,2068,,,,1,4824.5
106.398949,1326,2012,0,8955,4834,4839,0,2074,,,,1,4836.5
106.498947,1334,2016,0,8975,4839,4847,0,2079,,,,1,4843.0
106.598946,1337,2021,0,9010,4849,4853,0,2082,,,,1,4851.0
106.698944,1341,2029,0,9039,4857,4859,0,2087,,,,1,4858.0
106.798943,1347,2032,0,9061,4861,4868,0,2090,,,,1,4864.5
106.898941,1348,2035,0,9092,4869,4873,0,2091,,,,1,4871.0
106.99894,1354,2038,0,9112,4869,4880,0,2094,,,,1,4874.5
107.098938,1356,2045,0,9143,4886,4888,0,2102,,,,1,4887.0
107.198936,1356,2050,0,9166,4890,4890,0,2106,,,,1,4890.0
107.298935,1364,2054,0,9187,4899,4890,0,2108,,,,1,4894.5
107.398933,1364,2057,0,9208,4906,4893,0,2115,,,,1,4899.5
107.498932,1366,2062,0,9230,4909,4903,0,2118,,,,1,4906.0
107.59893,1374,2065,0,9255,4914,4908,0,2121,,,,1,4911.0
107.698929,1377,2071,0,9290,4922,4921,0,2128,,,,1,4921.5
107.798927,1383,2075,0,9320,4927,4924,0,2130,,,,1,4925.5
107.898926,1388,2079,0,9342,4931,4937,0,2132,,,,1,4934.0
107.998924,1390,2086,0,9368,4945,4950,0,2139,,,,1,4947.5
108.098923,1399,2093,0,9407,4958,4965,0,2147,,,,1,4961.5
108.198921,1399,2101,0,9434,4965,4974,0,2152,,,,1,4969.5
108.29892,1400,2105,0,9465,4965,4975,0,2157,,,,1,4970.0
108.398918,1407,2104,0,9491,4971,4982,0,2157,,,,1,4976.5
108.498917,1413,2113,0,9515,4972,4988,0,2161,,,,1,4980.0
108.598915,1425,2120,0,9545,4980,4993,0,2165,,,,1,4986.5
108.698914,1434,2127,0,9571,4994,5007,0,2171,,,,1,5000.5
108.798912,1437,2132,0,9601,5001,5018,0,2175,,,,1,5009.5
108.898911,1443,2139,0,9636,5010,5025,0,2180,,,,1,5017.5
108.998909,1445,2146,0,9664,5019,5038,0,2186,,,,1,5028.5
109.098907,1448,2154,0,9688,5028,5045,0,2192,,,,1,5036.5
109.198906,1447,2160,0,9704,5038,5054,0,2198,,,,1,5046.0
109.298904,1451,2165,0,9732,5043,5059,0,2200,,,,1,5051.0
109.398903,1457,2172,0,9758,5051,5067,0,2207,,,,1,5059.0
109.498901,1464,2178,0,9779,5064,5075,0,2212,,,,1,5069.5
109.5989,1467,2184,0,9805,5071,5082,0,2218,,,,1,5076.5
109.698898,1468,2192,0,9832,5072,5095,0,2223,,,,1,5083.5
109.798897,1474,2194,0,9864,5080,5097,0,2226,,,,1,5088.5
109.898895,1481,2199,0,9888,5092,5096,0,2230,,,,1,5094.0
109.998894,1487,2205,0,9910,5104,5108,0,2236,,,,1,5106.0
110.098892,1492,2209,0,9941,5108,5116,0,2241,,,,1,5112.0
110.198891,1493,2212,0,9977,5114,5123,0,2247,,,,1,5118.5
